Crime_ID,FIR_Number,Date_Time,Date,Time,Hour,Day_of_Week,Month,Year,Province,City,Area,Location,Police_Station,Latitude,Longitude,Crime_Type,Crime_Category,Weapon_Used,Victim_Gender,Victim_Age,Suspect_Gender,Suspect_Age,Suspect_Count,Arrest_Status
PK-000001,FIR-0006/2022,2022-01-02 05:30:57,2022-01-02,05:30:57,5,Sunday,January,2022,Balochistan,Quetta,University Town,"Plot 439, University Town",University Town PS,30.141644,66.957792,Cattle Theft,Property,Not Used,Male,29,Male,43.0,1.0,Pending
PK-000002,FIR-0061/2022,2022-01-02 12:03:34,2022-01-02,12:03:34,12,Sunday,January,2022,KPK,Mardan,Industrial Area,Near Industrial Area Chowk,Industrial Area PS,34.175281,71.986338,Attempted Murder,Violent,Blunt Object,Male,28,Male,24.0,1.0,Arrested
PK-000003,FIR-0190/2022,2022-01-08 12:32:47,2022-01-08,12:32:47,12,Saturday,January,2022,Punjab,Lahore,Cantt,Near Cantt Chowk,Cantt PS,31.529127,74.414299,Kidnapping / Abduction,Violent,Not Used,Male,13,Unknown,,,Under Investigation
PK-000004,FIR-0047/2022,2022-01-11 22:26:11,2022-01-11,22:26:11,22,Tuesday,January,2022,Punjab,Multan,Chungi No. 9,Street near Chungi No. 9 Mosque,New Multan PS,30.208838,71.469933,Attempted Murder,Violent,Blunt Object,Male,38,Male,19.0,1.0,Arrested
PK-000005,FIR-0073/2022,2022-01-12 00:35:52,2022-01-12,00:35:52,0,Wednesday,January,2022,Punjab,Faisalabad,Industrial Area,Industrial Area Market,Industrial Area PS,31.453585,73.130081,Cybercrime / Fraud,Cyber,Not Used,Male,36,Unknown,,,Under Investigation
PK-000006,FIR-0027/2022,2022-01-15 11:01:53,2022-01-15,11:01:53,11,Saturday,January,2022,Punjab,Multan,Chowk Kumharanwala,"House #615, Chowk Kumharanwala",City PS,30.200226,71.465787,Cybercrime / Fraud,Cyber,Not Used,Female,21,Male,33.0,3.0,Pending
PK-000007,FIR-0043/2022,2022-01-18 01:42:40,2022-01-18,01:42:40,1,Tuesday,January,2022,ICT,Islamabad,Civil Lines,Street near Civil Lines Mosque,Civil Lines PS,33.673975,73.060268,Cybercrime / Fraud,Cyber,Not Used,Female,24,Female,33.0,1.0,Pending
PK-000008,FIR-0064/2022,2022-01-19 15:23:08,2022-01-19,15:23:08,15,Wednesday,January,2022,Sindh,Karachi,Lyari,"Sector C, Lyari",Lyari PS,24.872795,67.013276,Cybercrime / Fraud,Cyber,Not Used,Female,22,Unknown,,,Pending
PK-000009,FIR-0048/2022,2022-01-24 14:50:54,2022-01-24,14:50:54,14,Monday,January,2022,Punjab,Multan,Gulgasht Colony,Near Gulgasht Colony Chowk,Gulgasht PS,30.24328,71.505738,Theft,Property,Not Used,Male,7,Male,26.0,1.0,Released on Bail
PK-000010,FIR-0019/2022,2022-01-24 21:58:37,2022-01-24,21:58:37,21,Monday,January,2022,Punjab,Multan,Chowk Kumharanwala,Near Chowk Kumharanwala Chowk,City PS,30.205319,71.473313,Theft,Property,Not Used,Male,24,Male,24.0,1.0,Under Investigation
PK-000011,FIR-0051/2022,2022-01-25 10:39:39,2022-01-25,10:39:39,10,Tuesday,January,2022,Sindh,Karachi,Malir,"Sector B, Malir",Malir PS,24.894734,67.202066,Drug Possession,Drug,Not Used,Male,38,Male,23.0,1.0,Arrested
PK-000012,FIR-0078/2022,2022-01-28 13:19:00,2022-01-28,13:19:00,13,Friday,January,2022,Punjab,Khanewal,Mall Road,Mall Road Service Road,Mall Road PS,30.324977,71.952161,Theft,Property,Not Used,Male,39,Male,25.0,2.0,Under Investigation
PK-000013,FIR-0032/2022,2022-01-29 09:24:41,2022-01-29,09:24:41,9,Saturday,January,2022,Punjab,Multan,Suraj Miani,"Sector D, Suraj Miani",Sadar PS,30.22046,71.432538,Attempted Murder,Violent,Firearm,Male,41,Male,43.0,1.0,Arrested
PK-000014,FIR-0095/2022,2022-01-30 12:14:50,2022-01-30,12:14:50,12,Sunday,January,2022,KPK,Mardan,City Center,City Center Service Road,City Center PS,34.195107,72.023647,Theft,Property,Not Used,Male,22,Unknown,,,Pending
PK-000015,FIR-0132/2022,2022-01-31 22:30:42,2022-01-31,22:30:42,22,Monday,January,2022,Sindh,Karachi,Saddar,Near Saddar Petrol Pump,Saddar PS,24.859356,67.020221,Cattle Theft,Property,Not Used,Male,44,Unknown,,,Pending
PK-000016,FIR-0074/2022,2022-02-01 19:41:09,2022-02-01,19:41:09,19,Tuesday,February,2022,Balochistan,Quetta,Model Town,Model Town Service Road,Model Town PS,30.213707,66.983203,Robbery,Property,Knife,Female,20,Male,25.0,4.0,Under Investigation
PK-000017,FIR-0016/2022,2022-02-02 04:53:56,2022-02-02,04:53:56,4,Wednesday,February,2022,Sindh,Karachi,DHA Karachi,Street near DHA Karachi Mosque,DHA Karachi PS,24.801098,67.04909,Motor Vehicle Theft,Property,Not Used,Female,72,Unknown,,,Pending
PK-000018,FIR-0079/2022,2022-02-03 04:52:35,2022-02-03,04:52:35,4,Thursday,February,2022,Punjab,Multan,Qasim Bela,Qasim Bela Bus Stop,Sadar PS,30.171326,71.495146,Hurt / Assault,Violent,Knife,Male,13,Male,33.0,1.0,Arrested
PK-000019,FIR-0002/2022,2022-02-04 10:43:07,2022-02-04,10:43:07,10,Friday,February,2022,Sindh,Karachi,North Nazimabad,"Plot 363, North Nazimabad",North Nazimabad PS,24.947288,67.045712,Burglary,Property,Not Used,Male,36,Male,41.0,1.0,Pending
PK-000020,FIR-0087/2022,2022-02-06 19:34:13,2022-02-06,19:34:13,19,Sunday,February,2022,Punjab,Khanewal,City Center,"Plot 11, City Center",City Center PS,30.333993,71.943533,Attempted Murder,Violent,Knife,Male,36,Male,28.0,1.0,Arrested
PK-000021,FIR-0034/2022,2022-02-07 21:51:28,2022-02-07,21:51:28,21,Monday,February,2022,Sindh,Karachi,Clifton,Clifton Park area,Clifton PS,24.810719,67.024626,Theft,Property,Not Used,Male,46,Male,35.0,1.0,Under Investigation
PK-000022,FIR-0109/2022,2022-02-09 20:30:34,2022-02-09,20:30:34,20,Wednesday,February,2022,Punjab,Gujranwala,Industrial Area,Street near Industrial Area Mosque,Industrial Area PS,32.191082,74.196629,Theft,Property,Not Used,Female,20,Male,38.0,1.0,Pending
PK-000023,FIR-0047/2022,2022-02-11 03:42:29,2022-02-11,03:42:29,3,Friday,February,2022,Sindh,Karachi,Lyari,"Sector C, Lyari",Lyari PS,24.87567,67.022422,Motor Vehicle Theft,Property,Not Used,Male,47,Male,14.0,2.0,Arrested
PK-000024,FIR-0050/2022,2022-02-14 21:44:14,2022-02-14,21:44:14,21,Monday,February,2022,Punjab,Bahawalpur,Old City,Old City Service Road,Old City PS,29.404446,71.647819,Burglary,Property,Not Used,Male,24,Male,14.0,1.0,Pending
PK-000025,FIR-0141/2022,2022-02-17 00:15:44,2022-02-17,00:15:44,0,Thursday,February,2022,KPK,Swat,Saddar,Street near Saddar Mosque,Saddar PS,35.218411,72.425975,Domestic Violence,Violent,Not Used,Male,36,Male,30.0,3.0,Arrested
PK-000026,FIR-0068/2022,2022-02-18 23:31:29,2022-02-18,23:31:29,23,Friday,February,2022,Sindh,Hyderabad,Old City,Near Old City Chowk,Old City PS,25.439835,68.409026,Robbery,Property,Not Used,Female,26,Unknown,,,Pending
PK-000027,FIR-0078/2022,2022-02-19 14:41:45,2022-02-19,14:41:45,14,Saturday,February,2022,Punjab,Multan,Qasim Bela,Qasim Bela Service Road,Sadar PS,30.165645,71.493314,Robbery,Property,Not Used,Male,30,Unknown,,,Pending
PK-000028,FIR-0037/2022,2022-02-22 19:13:30,2022-02-22,19:13:30,19,Tuesday,February,2022,Sindh,Karachi,Lyari,"Block 3, Lyari",Lyari PS,24.87006,67.021165,Robbery,Property,Knife,Female,50,Male,30.0,2.0,Under Investigation
PK-000029,FIR-0056/2022,2022-02-23 05:32:09,2022-02-23,05:32:09,5,Wednesday,February,2022,Punjab,Multan,Wapda Town,Wapda Town Park area,Bosan Road PS,30.239823,71.487252,Cattle Theft,Property,Not Used,Male,16,Male,26.0,1.0,Under Investigation
PK-000030,FIR-0081/2022,2022-02-23 10:12:19,2022-02-23,10:12:19,10,Wednesday,February,2022,Sindh,Karachi,Lyari,Main Lyari Bazaar,Lyari PS,24.878606,67.021099,Murder,Violent,Knife,Female,11,Male,30.0,1.0,Released on Bail
PK-000031,FIR-0054/2022,2022-02-24 14:55:58,2022-02-24,14:55:58,14,Thursday,February,2022,Punjab,Faisalabad,Cantt,Cantt Market,Cantt PS,31.477111,73.154504,Kidnapping / Abduction,Violent,Not Used,Male,40,Male,15.0,5.0,Under Investigation
PK-000032,FIR-0105/2022,2022-02-24 16:12:35,2022-02-24,16:12:35,16,Thursday,February,2022,KPK,Abbottabad,Saddar,"Sector C, Saddar",Saddar PS,34.154338,73.217928,Theft,Property,Not Used,Male,51,Unknown,,,Pending
PK-000033,FIR-0002/2022,2022-02-27 21:09:50,2022-02-27,21:09:50,21,Sunday,February,2022,Punjab,Multan,Khanewal Road,Khanewal Road Park area,Khanewal Bypass PS,30.201596,71.556702,Burglary,Property,Not Used,Male,8,Male,28.0,1.0,Pending
PK-000034,FIR-0047/2022,2022-03-01 00:48:58,2022-03-01,00:48:58,0,Tuesday,March,2022,Sindh,Sukkur,City Center,"Plot 356, City Center",City Center PS,27.730156,68.863847,Robbery,Property,Not Used,Male,36,Male,45.0,3.0,Under Investigation
PK-000035,FIR-0082/2022,2022-03-01 12:39:01,2022-03-01,12:39:01,12,Tuesday,March,2022,Punjab,Multan,New Multan,New Multan Service Road,New Multan PS,30.227585,71.476081,Hurt / Assault,Violent,Firearm,Female,47,Male,25.0,1.0,Under Investigation
PK-000036,FIR-0096/2022,2022-03-01 15:38:39,2022-03-01,15:38:39,15,Tuesday,March,2022,KPK,Mardan,Cantt,Cantt Service Road,Cantt PS,34.218367,72.00798,Hurt / Assault,Violent,Knife,Male,40,Unknown,,,Under Investigation
PK-000037,FIR-0099/2022,2022-03-01 21:31:37,2022-03-01,21:31:37,21,Tuesday,March,2022,Punjab,Lahore,Cantt,Cantt Park area,Cantt PS,31.528097,74.408852,Motor Vehicle Theft,Property,Not Used,Male,15,Male,48.0,1.0,Under Investigation
PK-000038,FIR-0088/2022,2022-03-04 09:57:47,2022-03-04,09:57:47,9,Friday,March,2022,Punjab,Faisalabad,Cantt,Cantt Bus Stop,Cantt PS,31.44337,73.119617,Murder,Violent,Knife,Female,21,Unknown,,,Under Investigation
PK-000039,FIR-0044/2022,2022-03-04 17:53:20,2022-03-04,17:53:20,17,Friday,March,2022,Punjab,Rawalpindi,Old City,Old City Bus Stop,Old City PS,33.552501,73.062382,Attempted Murder,Violent,Firearm,Male,48,Male,15.0,1.0,Arrested
PK-000040,FIR-0044/2022,2022-03-05 01:52:23,2022-03-05,01:52:23,1,Saturday,March,2022,Punjab,Rawalpindi,University Town,"Plot 134, University Town",University Town PS,33.569938,72.985618,Theft,Property,Not Used,Male,38,Male,19.0,1.0,Pending
PK-000041,FIR-0083/2022,2022-03-05 23:06:03,2022-03-05,23:06:03,23,Saturday,March,2022,Sindh,Hyderabad,Civil Lines,"Block 3, Civil Lines",Civil Lines PS,25.408498,68.332696,Kidnapping / Abduction,Violent,Not Used,Male,21,Male,19.0,2.0,Arrested
PK-000042,FIR-0051/2022,2022-03-09 05:11:26,2022-03-09,05:11:26,5,Wednesday,March,2022,Punjab,Lahore,Walled City,Street near Walled City Mosque,Walled City PS,31.581063,74.32999,Motor Vehicle Theft,Property,Not Used,Female,43,Female,37.0,2.0,Pending
PK-000043,FIR-0004/2022,2022-03-10 16:41:30,2022-03-10,16:41:30,16,Thursday,March,2022,Punjab,Multan,Gulgasht Colony,Main Gulgasht Colony Bazaar,Gulgasht PS,30.250932,71.505978,Hurt / Assault,Violent,Not Used,Male,59,Male,40.0,1.0,Arrested
PK-000044,FIR-0171/2022,2022-03-11 08:42:30,2022-03-11,08:42:30,8,Friday,March,2022,Sindh,Karachi,Saddar,"Sector C, Saddar",Saddar PS,24.858031,67.032916,Domestic Violence,Violent,Blunt Object,Female,45,Male,27.0,2.0,Arrested
PK-000045,FIR-0091/2022,2022-03-11 21:35:36,2022-03-11,21:35:36,21,Friday,March,2022,Punjab,Gujranwala,Mall Road,"Sector A, Mall Road",Mall Road PS,32.194944,74.180979,Hurt / Assault,Violent,Firearm,Female,33,Male,19.0,3.0,Under Investigation
PK-000046,FIR-0015/2022,2022-03-14 01:11:46,2022-03-14,01:11:46,1,Monday,March,2022,Sindh,Karachi,DHA Karachi,Near DHA Karachi Petrol Pump,DHA Karachi PS,24.804578,67.044835,Drug Possession,Drug,Not Used,Male,29,Male,43.0,1.0,Arrested
PK-000047,FIR-0024/2022,2022-03-15 08:10:47,2022-03-15,08:10:47,8,Tuesday,March,2022,Punjab,Lahore,Gulberg,"Plot 149, Gulberg",Gulberg PS,31.516989,74.356175,Hurt / Assault,Violent,Blunt Object,Female,19,Male,38.0,1.0,Under Investigation
PK-000048,FIR-0073/2022,2022-03-15 18:33:04,2022-03-15,18:33:04,18,Tuesday,March,2022,Punjab,Multan,Chungi No. 9,Main Chungi No. 9 Bazaar,New Multan PS,30.221298,71.464315,Theft,Property,Not Used,Male,34,Male,29.0,1.0,Released on Bail
PK-000049,FIR-0093/2022,2022-03-16 05:23:51,2022-03-16,05:23:51,5,Wednesday,March,2022,Punjab,Rawalpindi,Civil Lines,"Block 7, Civil Lines",Civil Lines PS,33.578111,73.02796,Hurt / Assault,Violent,Knife,Male,31,Unknown,,,Under Investigation
PK-000050,FIR-0062/2022,2022-03-17 04:22:54,2022-03-17,04:22:54,4,Thursday,March,2022,Punjab,Khanewal,University Town,"Block 7, University Town",University Town PS,30.285111,71.952428,Dacoity,Violent,Firearm,Male,49,Male,25.0,5.0,Under Investigation
PK-000051,FIR-0022/2022,2022-03-18 08:26:49,2022-03-18,08:26:49,8,Friday,March,2022,Punjab,Lahore,Gulberg,Street near Gulberg Mosque,Gulberg PS,31.526498,74.354178,Hurt / Assault,Violent,Firearm,Female,19,Male,29.0,3.0,Pending
PK-000052,FIR-0200/2022,2022-03-19 07:42:02,2022-03-19,07:42:02,7,Saturday,March,2022,Punjab,Multan,Vehari Road,"House #567, Vehari Road",Cantt PS,30.184033,71.504095,Rape,Violent,Knife,Male,28,Male,15.0,1.0,Released on Bail
PK-000053,FIR-0029/2022,2022-03-21 12:19:07,2022-03-21,12:19:07,12,Monday,March,2022,Punjab,Lahore,Johar Town,"Plot 471, Johar Town",Johar Town PS,31.474359,74.271782,Attempted Murder,Violent,Blunt Object,Male,24,Female,30.0,1.0,Arrested
PK-000054,FIR-0077/2022,2022-03-23 08:11:36,2022-03-23,08:11:36,8,Wednesday,March,2022,Punjab,Rawalpindi,Civil Lines,Street near Civil Lines Mosque,Civil Lines PS,33.578847,73.045651,Domestic Violence,Violent,Not Used,Male,18,Female,18.0,2.0,Arrested
PK-000055,FIR-0092/2022,2022-03-26 14:34:10,2022-03-26,14:34:10,14,Saturday,March,2022,Punjab,Multan,Chungi No. 14,Chungi No. 14 Service Road,New Multan PS,30.216946,71.471015,Robbery,Property,Knife,Female,27,Male,41.0,5.0,Pending
PK-000056,FIR-0055/2022,2022-03-27 21:04:46,2022-03-27,21:04:46,21,Sunday,March,2022,Sindh,Karachi,Lyari,Near Lyari Petrol Pump,Lyari PS,24.884714,67.020243,Motor Vehicle Theft,Property,Not Used,Male,29,Female,25.0,1.0,Pending
PK-000057,FIR-0025/2022,2022-03-30 18:03:52,2022-03-30,18:03:52,18,Wednesday,March,2022,Sindh,Karachi,Malir,Main Malir Bazaar,Malir PS,24.906527,67.206381,Motor Vehicle Theft,Property,Not Used,Female,40,Unknown,,,Pending
PK-000058,FIR-0102/2022,2022-04-01 08:28:27,2022-04-01,08:28:27,8,Friday,April,2022,Balochistan,Quetta,Model Town,Near Model Town Chowk,Model Town PS,30.202124,66.974461,Attempted Murder,Violent,Blunt Object,Female,52,Male,41.0,1.0,Released on Bail
PK-000059,FIR-0100/2022,2022-04-02 21:41:20,2022-04-02,21:41:20,21,Saturday,April,2022,Punjab,Faisalabad,Model Town,"Sector B, Model Town",Model Town PS,31.466425,73.159505,Theft,Property,Not Used,Female,26,Male,25.0,2.0,Under Investigation
PK-000060,FIR-0032/2022,2022-04-03 00:34:32,2022-04-03,00:34:32,0,Sunday,April,2022,Punjab,Lahore,Township,Township Bus Stop,Township PS,31.446772,74.307025,Motor Vehicle Theft,Property,Not Used,Male,43,Unknown,,,Pending
PK-000061,FIR-0015/2022,2022-04-03 20:12:52,2022-04-03,20:12:52,20,Sunday,April,2022,Punjab,Faisalabad,Cantt,Cantt Market,Cantt PS,31.474764,73.156147,Theft,Property,Not Used,Male,47,Male,25.0,1.0,Arrested
PK-000062,FIR-0054/2022,2022-04-04 04:50:14,2022-04-04,04:50:14,4,Monday,April,2022,KPK,Abbottabad,Mall Road,Main Mall Road Bazaar,Mall Road PS,34.145545,73.219419,Burglary,Property,Not Used,Male,26,Male,16.0,2.0,Pending
PK-000063,FIR-0077/2022,2022-04-04 16:18:58,2022-04-04,16:18:58,16,Monday,April,2022,Sindh,Karachi,Lyari,Near Lyari Chowk,Lyari PS,24.884769,67.021177,Theft,Property,Not Used,Male,24,Unknown,,,Pending
PK-000064,FIR-0013/2022,2022-04-05 08:53:32,2022-04-05,08:53:32,8,Tuesday,April,2022,Punjab,Lahore,Iqbal Town,"House #410, Iqbal Town",Iqbal Town PS,31.497615,74.273353,Theft,Property,Not Used,Female,16,Male,18.0,2.0,Pending
PK-000065,FIR-0163/2022,2022-04-05 17:54:58,2022-04-05,17:54:58,17,Tuesday,April,2022,Punjab,Lahore,Cantt,Street near Cantt Mosque,Cantt PS,31.52558,74.411911,Hurt / Assault,Violent,Firearm,Male,24,Unknown,,,Under Investigation
PK-000066,FIR-0169/2022,2022-04-06 17:59:56,2022-04-06,17:59:56,17,Wednesday,April,2022,Punjab,Multan,Vehari Road,Near Vehari Road Petrol Pump,Cantt PS,30.186686,71.500378,Motor Vehicle Theft,Property,Not Used,Female,35,Male,14.0,1.0,Under Investigation
PK-000067,FIR-0083/2022,2022-04-07 00:19:56,2022-04-07,00:19:56,0,Thursday,April,2022,Punjab,Multan,Chungi No. 14,"Sector A, Chungi No. 14",New Multan PS,30.218968,71.470059,Burglary,Property,Not Used,Male,47,Male,42.0,1.0,Released on Bail
PK-000068,FIR-0032/2022,2022-04-07 00:28:08,2022-04-07,00:28:08,0,Thursday,April,2022,Punjab,Multan,Mumtazabad,"Sector B, Mumtazabad",Mumtazabad PS,30.177168,71.455394,Theft,Property,Not Used,Female,35,Male,30.0,1.0,Pending
PK-000069,FIR-0009/2022,2022-04-09 17:03:19,2022-04-09,17:03:19,17,Saturday,April,2022,Punjab,Multan,Shujabad Road,Near Shujabad Road Petrol Pump,Mumtazabad PS,30.152367,71.488662,Burglary,Property,Not Used,Male,46,Male,14.0,1.0,Under Investigation
PK-000070,FIR-0079/2022,2022-04-11 13:56:24,2022-04-11,13:56:24,13,Monday,April,2022,Balochistan,Quetta,City Center,City Center Park area,City Center PS,30.197393,66.989938,Theft,Property,Not Used,Male,22,Unknown,,,Pending
PK-000071,FIR-0038/2022,2022-04-12 23:48:10,2022-04-12,23:48:10,23,Tuesday,April,2022,Sindh,Karachi,Lyari,"Block 12, Lyari",Lyari PS,24.873773,67.012262,Burglary,Property,Not Used,Female,27,Male,34.0,1.0,Pending
PK-000072,FIR-0025/2022,2022-04-13 20:52:59,2022-04-13,20:52:59,20,Wednesday,April,2022,Punjab,Sialkot,Mall Road,"Block 1, Mall Road",Mall Road PS,32.470549,74.505024,Dacoity,Violent,Knife,Female,19,Male,16.0,1.0,Under Investigation
PK-000073,FIR-0135/2022,2022-04-14 18:34:25,2022-04-14,18:34:25,18,Thursday,April,2022,Punjab,Rawalpindi,Cantt,"Sector D, Cantt",Cantt PS,33.581406,73.021033,Domestic Violence,Violent,Blunt Object,Male,24,Unknown,,,Pending
PK-000074,FIR-0104/2022,2022-04-15 20:11:54,2022-04-15,20:11:54,20,Friday,April,2022,Punjab,Gujranwala,Industrial Area,Street near Industrial Area Mosque,Industrial Area PS,32.168739,74.166766,Hurt / Assault,Violent,Not Used,Male,21,Female,26.0,1.0,Arrested
PK-000075,FIR-0002/2022,2022-04-16 07:35:08,2022-04-16,07:35:08,7,Saturday,April,2022,Sindh,Karachi,Korangi,"Sector E, Korangi",Korangi PS,24.839171,67.154066,Hurt / Assault,Violent,Knife,Male,40,Male,20.0,3.0,Pending
PK-000076,FIR-0067/2022,2022-04-16 20:05:17,2022-04-16,20:05:17,20,Saturday,April,2022,ICT,Islamabad,Model Town,Near Model Town Petrol Pump,Model Town PS,33.687187,73.035233,Theft,Property,Not Used,Female,26,Male,34.0,1.0,Arrested
PK-000077,FIR-0058/2022,2022-04-17 12:02:31,2022-04-17,12:02:31,12,Sunday,April,2022,Punjab,Multan,New Multan,Near New Multan Chowk,New Multan PS,30.229284,71.473309,Kidnapping / Abduction,Violent,Firearm,Male,43,Male,40.0,2.0,Released on Bail
PK-000078,FIR-0072/2022,2022-04-17 15:04:55,2022-04-17,15:04:55,15,Sunday,April,2022,Punjab,Sargodha,Old City,Old City Bus Stop,Old City PS,32.076568,72.675945,Theft,Property,Not Used,Male,36,Male,31.0,2.0,Pending
PK-000079,FIR-0010/2022,2022-04-17 16:08:12,2022-04-17,16:08:12,16,Sunday,April,2022,Punjab,Lahore,DHA Lahore,"Plot 53, DHA Lahore",DHA Lahore PS,31.462339,74.408651,Cybercrime / Fraud,Cyber,Not Used,Male,38,Unknown,,,Pending
PK-000080,FIR-0097/2022,2022-04-18 22:52:13,2022-04-18,22:52:13,22,Monday,April,2022,Punjab,Gujranwala,City Center,City Center Park area,City Center PS,32.171098,74.181393,Burglary,Property,Not Used,Male,45,Male,16.0,1.0,Arrested
PK-000081,FIR-0055/2022,2022-04-19 05:17:11,2022-04-19,05:17:11,5,Tuesday,April,2022,Punjab,Khanewal,Civil Lines,Near Civil Lines Petrol Pump,Civil Lines PS,30.328402,71.950772,Robbery,Property,Not Used,Male,42,Unknown,,,Pending
PK-000082,FIR-0024/2022,2022-04-22 09:30:01,2022-04-22,09:30:01,9,Friday,April,2022,Sindh,Karachi,Malir,Malir Bus Stop,Malir PS,24.900934,67.207266,Hurt / Assault,Violent,Knife,Female,22,Male,28.0,1.0,Arrested
PK-000083,FIR-0012/2022,2022-04-23 06:55:13,2022-04-23,06:55:13,6,Saturday,April,2022,Punjab,Lahore,DHA Lahore,"House #956, DHA Lahore",DHA Lahore PS,31.467155,74.400411,Robbery,Property,Not Used,Female,5,Unknown,,,Under Investigation
PK-000084,FIR-0024/2022,2022-04-23 18:34:29,2022-04-23,18:34:29,18,Saturday,April,2022,Sindh,Karachi,DHA Karachi,Near DHA Karachi Chowk,DHA Karachi PS,24.795583,67.050689,Robbery,Property,Firearm,Male,25,Male,31.0,2.0,Pending
PK-000085,FIR-0001/2022,2022-04-24 21:05:20,2022-04-24,21:05:20,21,Sunday,April,2022,Punjab,Bahawalpur,Model Town,"Sector A, Model Town",Model Town PS,29.394043,71.67999,Rape,Violent,Not Used,Female,79,Male,30.0,1.0,Under Investigation
PK-000086,FIR-0004/2022,2022-04-25 22:23:49,2022-04-25,22:23:49,22,Monday,April,2022,Punjab,Multan,Khanewal Road,"House #862, Khanewal Road",Khanewal Bypass PS,30.195523,71.543317,Motor Vehicle Theft,Property,Not Used,Male,53,Male,40.0,1.0,Arrested
PK-000087,FIR-0057/2022,2022-04-26 01:21:13,2022-04-26,01:21:13,1,Tuesday,April,2022,Punjab,Multan,Old City,Old City Market,City PS,30.196549,71.469212,Drug Possession,Drug,Not Used,Male,42,Male,27.0,2.0,Released on Bail
PK-000088,FIR-0029/2022,2022-04-26 22:10:28,2022-04-26,22:10:28,22,Tuesday,April,2022,Punjab,Multan,Model Town,Near Model Town Chowk,Gulgasht PS,30.246904,71.506563,Motor Vehicle Theft,Property,Not Used,Male,50,Unknown,,,Pending
PK-000089,FIR-0075/2022,2022-04-27 20:45:10,2022-04-27,20:45:10,20,Wednesday,April,2022,Punjab,Sahiwal,Cantt,"House #390, Cantt",Cantt PS,30.706218,73.079635,Robbery,Property,Knife,Female,22,Male,39.0,4.0,Under Investigation
PK-000090,FIR-0046/2022,2022-04-28 11:07:26,2022-04-28,11:07:26,11,Thursday,April,2022,Sindh,Karachi,Gulshan-e-Iqbal,Gulshan-e-Iqbal Market,Gulshan-e-Iqbal PS,24.928795,67.094713,Drug Possession,Drug,Not Used,Female,37,Unknown,,,Under Investigation
PK-000091,FIR-0034/2022,2022-05-01 01:54:12,2022-05-01,01:54:12,1,Sunday,May,2022,Punjab,Multan,Shah Rukn-e-Alam Colony,"Plot 432, Shah Rukn-e-Alam Colony",Shah Rukn-e-Alam PS,30.237514,71.471605,Theft,Property,Not Used,Female,44,Male,28.0,1.0,Pending
PK-000092,FIR-0057/2022,2022-05-01 16:16:10,2022-05-01,16:16:10,16,Sunday,May,2022,Punjab,Rawalpindi,Civil Lines,"House #272, Civil Lines",Civil Lines PS,33.565022,73.03091,Hurt / Assault,Violent,Not Used,Female,24,Male,32.0,1.0,Arrested
PK-000093,FIR-0124/2022,2022-05-01 18:47:28,2022-05-01,18:47:28,18,Sunday,May,2022,Balochistan,Quetta,Civil Lines,Civil Lines Market,Civil Lines PS,30.22583,66.996532,Theft,Property,Not Used,Male,23,Unknown,,,Pending
PK-000094,FIR-0015/2022,2022-05-01 19:20:52,2022-05-01,19:20:52,19,Sunday,May,2022,Punjab,Faisalabad,Industrial Area,"Block 6, Industrial Area",Industrial Area PS,31.467775,73.111273,Theft,Property,Not Used,Male,43,Male,32.0,1.0,Pending
PK-000095,FIR-0041/2022,2022-05-03 20:48:13,2022-05-03,20:48:13,20,Tuesday,May,2022,Punjab,Gujranwala,Model Town,Model Town Service Road,Model Town PS,32.181608,74.205943,Burglary,Property,Not Used,Female,41,Unknown,,,Under Investigation
PK-000096,FIR-0003/2022,2022-05-04 22:04:59,2022-05-04,22:04:59,22,Wednesday,May,2022,Punjab,Multan,New Multan,New Multan Service Road,New Multan PS,30.237436,71.477708,Theft,Property,Not Used,Male,34,Unknown,,,Pending
PK-000097,FIR-0034/2022,2022-05-05 02:57:49,2022-05-05,02:57:49,2,Thursday,May,2022,KPK,Peshawar,Industrial Area,Industrial Area Market,Industrial Area PS,33.986063,71.511606,Cattle Theft,Property,Not Used,Female,33,Male,38.0,1.0,Under Investigation
PK-000098,FIR-0007/2022,2022-05-11 00:34:02,2022-05-11,00:34:02,0,Wednesday,May,2022,Punjab,Multan,Gulgasht Colony,Street near Gulgasht Colony Mosque,Gulgasht PS,30.24619,71.499855,Robbery,Property,Knife,Male,51,Male,33.0,3.0,Arrested
PK-000099,FIR-0031/2022,2022-05-14 21:33:43,2022-05-14,21:33:43,21,Saturday,May,2022,Punjab,Multan,Wapda Town,"House #912, Wapda Town",Bosan Road PS,30.251668,71.494707,Domestic Violence,Violent,Blunt Object,Male,55,Male,39.0,3.0,Under Investigation
PK-000100,FIR-0010/2022,2022-05-15 06:25:39,2022-05-15,06:25:39,6,Sunday,May,2022,Punjab,Rawalpindi,Model Town,Street near Model Town Mosque,Model Town PS,33.56147,72.973359,Theft,Property,Not Used,Female,37,Male,39.0,1.0,Pending
PK-000101,FIR-0004/2022,2022-05-16 09:28:55,2022-05-16,09:28:55,9,Monday,May,2022,Punjab,Sahiwal,Old City,Street near Old City Mosque,Old City PS,30.665604,73.112276,Kidnapping / Abduction,Violent,Firearm,Female,32,Male,35.0,3.0,Under Investigation
PK-000102,FIR-0015/2022,2022-05-16 22:47:41,2022-05-16,22:47:41,22,Monday,May,2022,Punjab,Sialkot,Mall Road,Mall Road Service Road,Mall Road PS,32.478312,74.542034,Motor Vehicle Theft,Property,Not Used,Female,42,Male,26.0,1.0,Arrested
PK-000103,FIR-0037/2022,2022-05-18 01:13:03,2022-05-18,01:13:03,1,Wednesday,May,2022,Punjab,Multan,Gulgasht Colony,Near Gulgasht Colony Petrol Pump,Gulgasht PS,30.247006,71.513655,Drug Possession,Drug,Not Used,Male,24,Male,32.0,2.0,Arrested
PK-000104,FIR-0053/2022,2022-05-18 17:41:26,2022-05-18,17:41:26,17,Wednesday,May,2022,Punjab,Rawalpindi,Industrial Area,"House #222, Industrial Area",Industrial Area PS,33.568079,73.010174,Hurt / Assault,Violent,Not Used,Male,21,Male,39.0,2.0,Pending
PK-000105,FIR-0088/2022,2022-05-18 22:23:41,2022-05-18,22:23:41,22,Wednesday,May,2022,KPK,Peshawar,Airport Road,Near Airport Road Chowk,Airport Road PS,33.984968,71.503101,Theft,Property,Not Used,Female,29,Male,22.0,1.0,Under Investigation
PK-000106,FIR-0010/2022,2022-05-19 22:50:43,2022-05-19,22:50:43,22,Thursday,May,2022,Punjab,Lahore,Shadman,Main Shadman Bazaar,Shadman PS,31.534709,74.339494,Burglary,Property,Not Used,Male,20,Male,29.0,1.0,Pending
PK-000107,FIR-0093/2022,2022-05-21 16:51:29,2022-05-21,16:51:29,16,Saturday,May,2022,Punjab,Gujranwala,Cantt,"Sector B, Cantt",Cantt PS,32.19074,74.185555,Theft,Property,Not Used,Male,52,Male,24.0,1.0,Under Investigation
PK-000108,FIR-0034/2022,2022-05-21 20:49:58,2022-05-21,20:49:58,20,Saturday,May,2022,Sindh,Karachi,DHA Karachi,"Block 10, DHA Karachi",DHA Karachi PS,24.812672,67.048429,Burglary,Property,Not Used,Male,25,Male,19.0,1.0,Pending
PK-000109,FIR-0073/2022,2022-05-24 09:20:50,2022-05-24,09:20:50,9,Tuesday,May,2022,Punjab,Multan,Mumtazabad,"Plot 114, Mumtazabad",Mumtazabad PS,30.177142,71.447091,Murder,Violent,Knife,Male,51,Male,29.0,2.0,Arrested
PK-000110,FIR-0040/2022,2022-05-25 00:02:40,2022-05-25,00:02:40,0,Wednesday,May,2022,Punjab,Faisalabad,Mall Road,Mall Road Market,Mall Road PS,31.431803,73.075633,Rape,Violent,Not Used,Male,53,Male,33.0,1.0,Pending
PK-000111,FIR-0101/2022,2022-05-25 13:35:12,2022-05-25,13:35:12,13,Wednesday,May,2022,Punjab,Faisalabad,Model Town,Street near Model Town Mosque,Model Town PS,31.467476,73.12052,Hurt / Assault,Violent,Firearm,Male,39,Unknown,,,Pending
PK-000112,FIR-0062/2022,2022-05-26 07:17:56,2022-05-26,07:17:56,7,Thursday,May,2022,Punjab,Multan,Suraj Miani,Suraj Miani Park area,Sadar PS,30.212004,71.43434,Kidnapping / Abduction,Violent,Firearm,Male,50,Male,34.0,4.0,Pending
PK-000113,FIR-0055/2022,2022-05-26 18:27:41,2022-05-26,18:27:41,18,Thursday,May,2022,Punjab,Sialkot,University Town,University Town Park area,University Town PS,32.490077,74.526511,Theft,Property,Not Used,Male,49,Male,22.0,1.0,Pending
PK-000114,FIR-0018/2022,2022-05-26 19:24:19,2022-05-26,19:24:19,19,Thursday,May,2022,Sindh,Karachi,Gulshan-e-Iqbal,Gulshan-e-Iqbal Market,Gulshan-e-Iqbal PS,24.926752,67.101134,Robbery,Property,Firearm,Male,42,Male,23.0,3.0,Arrested
PK-000115,FIR-0070/2022,2022-05-27 03:22:13,2022-05-27,03:22:13,3,Friday,May,2022,Punjab,Multan,Chowk Kumharanwala,Chowk Kumharanwala Market,City PS,30.189955,71.475657,Dacoity,Violent,Knife,Male,48,Female,38.0,3.0,Arrested
PK-000116,FIR-0049/2022,2022-05-28 18:46:59,2022-05-28,18:46:59,18,Saturday,May,2022,Balochistan,Quetta,City Center,City Center Park area,City Center PS,30.190351,66.98708,Hurt / Assault,Violent,Not Used,Male,11,Male,28.0,2.0,Arrested
PK-000117,FIR-0079/2022,2022-05-29 21:30:11,2022-05-29,21:30:11,21,Sunday,May,2022,Sindh,Hyderabad,Mall Road,Street near Mall Road Mosque,Mall Road PS,25.391704,68.36687,Theft,Property,Not Used,Female,12,Male,20.0,2.0,Arrested
PK-000118,FIR-0092/2022,2022-05-31 20:26:18,2022-05-31,20:26:18,20,Tuesday,May,2022,Punjab,Lahore,Model Town,Near Model Town Chowk,Model Town PS,31.483062,74.322715,Hurt / Assault,Violent,Blunt Object,Female,8,Male,19.0,1.0,Arrested
PK-000119,FIR-0093/2022,2022-06-02 09:10:45,2022-06-02,09:10:45,9,Thursday,June,2022,Balochistan,Quetta,Mall Road,Near Mall Road Petrol Pump,Mall Road PS,30.171635,66.963771,Kidnapping / Abduction,Violent,Not Used,Male,34,Unknown,,,Under Investigation
PK-000120,FIR-0090/2022,2022-06-04 04:13:11,2022-06-04,04:13:11,4,Saturday,June,2022,ICT,Islamabad,Model Town,"House #557, Model Town",Model Town PS,33.665979,73.032937,Drug Possession,Drug,Not Used,Female,33,Male,31.0,1.0,Arrested
PK-000121,FIR-0035/2022,2022-06-05 12:16:23,2022-06-05,12:16:23,12,Sunday,June,2022,Punjab,Multan,Model Town,Model Town Park area,Gulgasht PS,30.243602,71.49849,Burglary,Property,Not Used,Male,50,Male,34.0,1.0,Arrested
PK-000122,FIR-0046/2022,2022-06-08 10:25:39,2022-06-08,10:25:39,10,Wednesday,June,2022,Punjab,Rawalpindi,Model Town,Model Town Bus Stop,Model Town PS,33.586613,73.028235,Drug Possession,Drug,Not Used,Male,49,Male,19.0,1.0,Arrested
PK-000123,FIR-0128/2022,2022-06-09 19:59:23,2022-06-09,19:59:23,19,Thursday,June,2022,Punjab,Lahore,Cantt,"Sector B, Cantt",Cantt PS,31.525292,74.412129,Hurt / Assault,Violent,Knife,Female,37,Male,32.0,1.0,Released on Bail
PK-000124,FIR-0068/2022,2022-06-10 20:18:32,2022-06-10,20:18:32,20,Friday,June,2022,Punjab,Faisalabad,Cantt,"House #819, Cantt",Cantt PS,31.47261,73.156651,Dacoity,Violent,Firearm,Female,25,Male,26.0,4.0,Arrested
PK-000125,FIR-0024/2022,2022-06-10 21:35:35,2022-06-10,21:35:35,21,Friday,June,2022,Punjab,Lahore,Shadman,Near Shadman Petrol Pump,Shadman PS,31.537697,74.331506,Theft,Property,Not Used,Male,23,Male,36.0,1.0,Pending
PK-000126,FIR-0037/2022,2022-06-12 16:03:18,2022-06-12,16:03:18,16,Sunday,June,2022,Punjab,Rawalpindi,Airport Road,Airport Road Service Road,Airport Road PS,33.580739,73.015592,Cybercrime / Fraud,Cyber,Not Used,Male,34,Male,19.0,1.0,Arrested
PK-000127,FIR-0016/2022,2022-06-14 09:38:04,2022-06-14,09:38:04,9,Tuesday,June,2022,Balochistan,Gwadar,Cantt,"Plot 29, Cantt",Cantt PS,25.158576,62.339065,Hurt / Assault,Violent,Knife,Male,50,Male,24.0,2.0,Pending
PK-000128,FIR-0043/2022,2022-06-14 14:15:09,2022-06-14,14:15:09,14,Tuesday,June,2022,Sindh,Karachi,Korangi,"Plot 493, Korangi",Korangi PS,24.83851,67.15597,Drug Possession,Drug,Not Used,Male,33,Male,27.0,1.0,Under Investigation
PK-000129,FIR-0013/2022,2022-06-15 16:31:36,2022-06-15,16:31:36,16,Wednesday,June,2022,Punjab,Lahore,Johar Town,"Plot 492, Johar Town",Johar Town PS,31.47461,74.266741,Drug Possession,Drug,Not Used,Male,33,Male,21.0,3.0,Released on Bail
PK-000130,FIR-0016/2022,2022-06-16 09:45:05,2022-06-16,09:45:05,9,Thursday,June,2022,Sindh,Karachi,Saddar,Saddar Market,Saddar PS,24.857724,67.02939,Theft,Property,Not Used,Male,35,Male,50.0,1.0,Arrested
PK-000131,FIR-0077/2022,2022-06-17 03:12:48,2022-06-17,03:12:48,3,Friday,June,2022,Punjab,Rawalpindi,Saddar,Street near Saddar Mosque,Saddar PS,33.575265,73.050154,Motor Vehicle Theft,Property,Not Used,Female,52,Unknown,,,Pending
PK-000132,FIR-0003/2022,2022-06-22 13:33:22,2022-06-22,13:33:22,13,Wednesday,June,2022,Punjab,Lahore,Iqbal Town,Near Iqbal Town Chowk,Iqbal Town PS,31.503015,74.288663,Theft,Property,Not Used,Male,66,Male,33.0,1.0,Under Investigation
PK-000133,FIR-0035/2022,2022-06-22 15:21:05,2022-06-22,15:21:05,15,Wednesday,June,2022,Punjab,Sargodha,Industrial Area,"Plot 446, Industrial Area",Industrial Area PS,32.073997,72.671703,Robbery,Property,Knife,Male,36,Male,24.0,2.0,Under Investigation
PK-000134,FIR-0031/2022,2022-06-23 18:05:39,2022-06-23,18:05:39,18,Thursday,June,2022,Punjab,Faisalabad,Saddar,"Block 6, Saddar",Saddar PS,31.474142,73.115704,Cattle Theft,Property,Not Used,Male,29,Unknown,,,Pending
PK-000135,FIR-0062/2022,2022-06-28 23:33:18,2022-06-28,23:33:18,23,Tuesday,June,2022,KPK,Peshawar,Airport Road,Near Airport Road Petrol Pump,Airport Road PS,34.029218,71.543548,Theft,Property,Not Used,Male,37,Unknown,,,Pending
PK-000136,FIR-0001/2022,2022-06-29 00:26:11,2022-06-29,00:26:11,0,Wednesday,June,2022,Punjab,Multan,Shah Rukn-e-Alam Colony,Shah Rukn-e-Alam Colony Park area,Shah Rukn-e-Alam PS,30.245363,71.484095,Burglary,Property,Not Used,Male,25,Male,27.0,1.0,Arrested
PK-000137,FIR-0173/2022,2022-06-30 22:05:43,2022-06-30,22:05:43,22,Thursday,June,2022,Sindh,Karachi,Saddar,Near Saddar Petrol Pump,Saddar PS,24.856003,67.024435,Theft,Property,Not Used,Male,49,Unknown,,,Under Investigation
PK-000138,FIR-0044/2022,2022-07-01 20:54:52,2022-07-01,20:54:52,20,Friday,July,2022,Punjab,Multan,Shujabad Road,"Sector C, Shujabad Road",Mumtazabad PS,30.160155,71.483525,Drug Possession,Drug,Not Used,Male,35,Male,14.0,2.0,Arrested
PK-000139,FIR-0010/2022,2022-07-02 16:21:22,2022-07-02,16:21:22,16,Saturday,July,2022,Punjab,Lahore,Walled City,"Sector B, Walled City",Walled City PS,31.58487,74.309771,Attempted Murder,Violent,Blunt Object,Female,26,Male,19.0,2.0,Pending
PK-000140,FIR-0111/2022,2022-07-02 19:21:03,2022-07-02,19:21:03,19,Saturday,July,2022,Punjab,Gujranwala,Old City,Street near Old City Mosque,Old City PS,32.202641,74.160463,Theft,Property,Not Used,Male,35,Unknown,,,Pending
PK-000141,FIR-0040/2022,2022-07-05 21:21:49,2022-07-05,21:21:49,21,Tuesday,July,2022,KPK,Peshawar,Industrial Area,Industrial Area Service Road,Industrial Area PS,34.014868,71.536221,Robbery,Property,Firearm,Male,28,Male,21.0,2.0,Arrested
PK-000142,FIR-0130/2022,2022-07-09 12:54:28,2022-07-09,12:54:28,12,Saturday,July,2022,Punjab,Multan,Vehari Road,Vehari Road Service Road,Cantt PS,30.182103,71.508449,Rape,Violent,Knife,Male,15,Male,20.0,2.0,Arrested
PK-000143,FIR-0202/2022,2022-07-12 23:37:07,2022-07-12,23:37:07,23,Tuesday,July,2022,Sindh,Sukkur,Cantt,Main Cantt Bazaar,Cantt PS,27.67711,68.82847,Dacoity,Violent,Firearm,Male,28,Male,14.0,2.0,Arrested
PK-000144,FIR-0085/2022,2022-07-12 23:55:11,2022-07-12,23:55:11,23,Tuesday,July,2022,Punjab,Multan,Northern Bypass,Street near Northern Bypass Mosque,Cantt PS,30.251385,71.451556,Murder,Violent,Firearm,Male,27,Male,20.0,1.0,Under Investigation
PK-000145,FIR-0052/2022,2022-07-15 06:53:03,2022-07-15,06:53:03,6,Friday,July,2022,Punjab,Rawalpindi,Old City,Old City Bus Stop,Old City PS,33.549334,72.999497,Attempted Murder,Violent,Firearm,Female,5,Male,25.0,2.0,Pending
PK-000146,FIR-0020/2022,2022-07-16 08:13:28,2022-07-16,08:13:28,8,Saturday,July,2022,Punjab,Multan,Suraj Miani,Street near Suraj Miani Mosque,Sadar PS,30.215033,71.437712,Hurt / Assault,Violent,Blunt Object,Male,23,Male,40.0,1.0,Arrested
PK-000147,FIR-0058/2022,2022-07-19 12:56:18,2022-07-19,12:56:18,12,Tuesday,July,2022,Sindh,Karachi,Saddar,Saddar Bus Stop,Saddar PS,24.855737,67.023261,Attempted Murder,Violent,Blunt Object,Male,31,Male,32.0,3.0,Arrested
PK-000148,FIR-0005/2022,2022-07-19 21:17:54,2022-07-19,21:17:54,21,Tuesday,July,2022,KPK,Peshawar,University Town,University Town Service Road,University Town PS,34.019,71.509734,Theft,Property,Not Used,Male,19,Male,32.0,2.0,Arrested
PK-000149,FIR-0099/2022,2022-07-24 12:31:47,2022-07-24,12:31:47,12,Sunday,July,2022,Punjab,Khanewal,University Town,"Block 12, University Town",University Town PS,30.306736,71.963859,Rape,Violent,Knife,Female,36,Male,31.0,2.0,Arrested
PK-000150,FIR-0112/2022,2022-07-24 16:46:45,2022-07-24,16:46:45,16,Sunday,July,2022,Punjab,Sargodha,City Center,"Sector E, City Center",City Center PS,32.073083,72.684357,Kidnapping / Abduction,Violent,Not Used,Female,23,Unknown,,,Pending
PK-000151,FIR-0008/2022,2022-07-24 21:08:03,2022-07-24,21:08:03,21,Sunday,July,2022,Punjab,Multan,Shah Rukn-e-Alam Colony,Shah Rukn-e-Alam Colony Park area,Shah Rukn-e-Alam PS,30.24376,71.492497,Robbery,Property,Knife,Female,34,Male,45.0,5.0,Arrested
PK-000152,FIR-0060/2022,2022-07-27 21:49:21,2022-07-27,21:49:21,21,Wednesday,July,2022,Punjab,Faisalabad,Mall Road,Main Mall Road Bazaar,Mall Road PS,31.46077,73.143218,Theft,Property,Not Used,Male,43,Male,15.0,1.0,Arrested
PK-000153,FIR-0049/2022,2022-07-28 04:30:41,2022-07-28,04:30:41,4,Thursday,July,2022,Punjab,Multan,Bahawalpur Road,Near Bahawalpur Road Petrol Pump,Mumtazabad PS,30.1691,71.465773,Cybercrime / Fraud,Cyber,Not Used,Male,46,Unknown,,,Under Investigation
PK-000154,FIR-0013/2022,2022-07-28 10:22:06,2022-07-28,10:22:06,10,Thursday,July,2022,Punjab,Lahore,Walled City,Walled City Park area,Walled City PS,31.586302,74.317549,Cybercrime / Fraud,Cyber,Not Used,Female,39,Male,26.0,2.0,Under Investigation
PK-000155,FIR-0160/2022,2022-07-29 17:35:25,2022-07-29,17:35:25,17,Friday,July,2022,Balochistan,Quetta,Saddar,Saddar Service Road,Saddar PS,30.166511,66.948803,Attempted Murder,Violent,Blunt Object,Male,46,Male,48.0,1.0,Pending
PK-000156,FIR-0003/2022,2022-07-30 11:37:19,2022-07-30,11:37:19,11,Saturday,July,2022,Sindh,Karachi,Clifton,Clifton Bus Stop,Clifton PS,24.818722,67.02883,Burglary,Property,Not Used,Male,34,Male,33.0,1.0,Arrested
PK-000157,FIR-0052/2022,2022-08-03 23:14:21,2022-08-03,23:14:21,23,Wednesday,August,2022,KPK,Peshawar,Mall Road,Mall Road Service Road,Mall Road PS,34.011688,71.533048,Motor Vehicle Theft,Property,Not Used,Female,43,Male,35.0,2.0,Pending
PK-000158,FIR-0071/2022,2022-08-04 13:37:53,2022-08-04,13:37:53,13,Thursday,August,2022,Balochistan,Gwadar,Model Town,Near Model Town Chowk,Model Town PS,25.112323,62.340209,Drug Possession,Drug,Not Used,Male,13,Male,14.0,1.0,Arrested
PK-000159,FIR-0008/2022,2022-08-04 21:07:11,2022-08-04,21:07:11,21,Thursday,August,2022,Punjab,Sialkot,Saddar,Street near Saddar Mosque,Saddar PS,32.50327,74.523292,Motor Vehicle Theft,Property,Not Used,Female,44,Male,32.0,1.0,Pending
PK-000160,FIR-0104/2022,2022-08-05 08:01:09,2022-08-05,08:01:09,8,Friday,August,2022,Sindh,Hyderabad,Old City,Near Old City Chowk,Old City PS,25.382208,68.351279,Hurt / Assault,Violent,Blunt Object,Male,25,Male,31.0,1.0,Arrested
PK-000161,FIR-0112/2022,2022-08-05 09:29:16,2022-08-05,09:29:16,9,Friday,August,2022,Punjab,Sialkot,Cantt,"Block 2, Cantt",Cantt PS,32.497464,74.508845,Motor Vehicle Theft,Property,Not Used,Female,35,Male,39.0,1.0,Pending
PK-000162,FIR-0029/2022,2022-08-06 16:18:22,2022-08-06,16:18:22,16,Saturday,August,2022,Punjab,Multan,Shujabad Road,"Sector E, Shujabad Road",Mumtazabad PS,30.147399,71.490484,Theft,Property,Not Used,Male,60,Male,36.0,1.0,Arrested
PK-000163,FIR-0090/2022,2022-08-08 18:12:04,2022-08-08,18:12:04,18,Monday,August,2022,Sindh,Hyderabad,Saddar,Near Saddar Petrol Pump,Saddar PS,25.421154,68.369641,Kidnapping / Abduction,Violent,Firearm,Male,26,Unknown,,,Pending
PK-000164,FIR-0026/2022,2022-08-08 19:33:06,2022-08-08,19:33:06,19,Monday,August,2022,Punjab,Multan,Chungi No. 14,Near Chungi No. 14 Chowk,New Multan PS,30.216356,71.469195,Theft,Property,Not Used,Female,25,Male,24.0,2.0,Arrested
PK-000165,FIR-0020/2022,2022-08-09 03:56:00,2022-08-09,03:56:00,3,Tuesday,August,2022,ICT,Islamabad,Saddar,Saddar Bus Stop,Saddar PS,33.710604,73.043581,Motor Vehicle Theft,Property,Not Used,Male,48,Unknown,,,Under Investigation
PK-000166,FIR-0002/2022,2022-08-09 18:02:59,2022-08-09,18:02:59,18,Tuesday,August,2022,Punjab,Multan,Mumtazabad,Street near Mumtazabad Mosque,Mumtazabad PS,30.187046,71.458511,Attempted Murder,Violent,Knife,Female,44,Unknown,,,Under Investigation
PK-000167,FIR-0032/2022,2022-08-10 20:19:54,2022-08-10,20:19:54,20,Wednesday,August,2022,Sindh,Karachi,Malir,Main Malir Bazaar,Malir PS,24.899751,67.207656,Cattle Theft,Property,Not Used,Male,25,Unknown,,,Pending
PK-000168,FIR-0066/2022,2022-08-11 20:04:56,2022-08-11,20:04:56,20,Thursday,August,2022,Punjab,Multan,Chungi No. 9,Chungi No. 9 Market,New Multan PS,30.212576,71.462183,Cattle Theft,Property,Not Used,Male,24,Unknown,,,Pending
PK-000169,FIR-0057/2022,2022-08-12 17:10:19,2022-08-12,17:10:19,17,Friday,August,2022,Punjab,Faisalabad,Industrial Area,Industrial Area Bus Stop,Industrial Area PS,31.452251,73.162055,Murder,Violent,Strangulation,Male,57,Male,34.0,1.0,Released on Bail
PK-000170,FIR-0011/2022,2022-08-12 19:54:50,2022-08-12,19:54:50,19,Friday,August,2022,Punjab,Lahore,Johar Town,Near Johar Town Petrol Pump,Johar Town PS,31.476209,74.272758,Cybercrime / Fraud,Cyber,Not Used,Male,61,Male,41.0,3.0,Under Investigation
PK-000171,FIR-0080/2022,2022-08-16 09:05:28,2022-08-16,09:05:28,9,Tuesday,August,2022,ICT,Islamabad,Old City,"Sector B, Old City",Old City PS,33.674309,73.060585,Cybercrime / Fraud,Cyber,Not Used,Female,17,Male,35.0,1.0,Under Investigation
PK-000172,FIR-0095/2022,2022-08-16 15:32:25,2022-08-16,15:32:25,15,Tuesday,August,2022,KPK,Abbottabad,Civil Lines,"Plot 397, Civil Lines",Civil Lines PS,34.120138,73.196624,Attempted Murder,Violent,Firearm,Male,56,Male,28.0,1.0,Released on Bail
PK-000173,FIR-0023/2022,2022-08-17 19:29:38,2022-08-17,19:29:38,19,Wednesday,August,2022,Punjab,Lahore,Johar Town,Johar Town Park area,Johar Town PS,31.47618,74.274242,Robbery,Property,Not Used,Female,30,Male,45.0,2.0,Pending
PK-000174,FIR-0051/2022,2022-08-18 17:17:51,2022-08-18,17:17:51,17,Thursday,August,2022,KPK,Peshawar,Industrial Area,"Block 4, Industrial Area",Industrial Area PS,33.977343,71.53895,Theft,Property,Not Used,Female,62,Male,18.0,1.0,Pending
PK-000175,FIR-0029/2022,2022-08-20 16:47:59,2022-08-20,16:47:59,16,Saturday,August,2022,Punjab,Gujranwala,Civil Lines,Main Civil Lines Bazaar,Civil Lines PS,32.172452,74.179293,Theft,Property,Not Used,Male,29,Male,31.0,1.0,Pending
PK-000176,FIR-0107/2022,2022-08-21 08:40:00,2022-08-21,08:40:00,8,Sunday,August,2022,KPK,Peshawar,Civil Lines,Civil Lines Market,Civil Lines PS,34.038161,71.486645,Burglary,Property,Not Used,Male,12,Male,36.0,1.0,Under Investigation
PK-000177,FIR-0023/2022,2022-08-24 00:37:31,2022-08-24,00:37:31,0,Wednesday,August,2022,Punjab,Multan,Shah Rukn-e-Alam Colony,Near Shah Rukn-e-Alam Colony Chowk,Shah Rukn-e-Alam PS,30.236972,71.482168,Theft,Property,Not Used,Female,16,Unknown,,,Pending
PK-000178,FIR-0021/2022,2022-08-24 13:28:50,2022-08-24,13:28:50,13,Wednesday,August,2022,Punjab,Multan,Old City,"Sector E, Old City",City PS,30.198116,71.464248,Cybercrime / Fraud,Cyber,Not Used,Male,27,Unknown,,,Pending
PK-000179,FIR-0106/2022,2022-08-25 16:21:25,2022-08-25,16:21:25,16,Thursday,August,2022,Punjab,Multan,Vehari Road,"Sector E, Vehari Road",Cantt PS,30.184442,71.525357,Robbery,Property,Firearm,Male,5,Male,38.0,2.0,Under Investigation
PK-000180,FIR-0052/2022,2022-08-29 23:41:33,2022-08-29,23:41:33,23,Monday,August,2022,Sindh,Karachi,Korangi,"House #918, Korangi",Korangi PS,24.844234,67.156284,Theft,Property,Not Used,Female,25,Unknown,,,Pending
PK-000181,FIR-0103/2022,2022-09-03 17:10:47,2022-09-03,17:10:47,17,Saturday,September,2022,Punjab,Khanewal,Cantt,"House #85, Cantt",Cantt PS,30.258164,71.939882,Theft,Property,Not Used,Male,39,Unknown,,,Pending
PK-000182,FIR-0033/2022,2022-09-05 12:53:02,2022-09-05,12:53:02,12,Monday,September,2022,Punjab,Multan,Bahawalpur Road,Bahawalpur Road Market,Mumtazabad PS,30.175997,71.470772,Kidnapping / Abduction,Violent,Not Used,Male,27,Male,26.0,4.0,Under Investigation
PK-000183,FIR-0130/2022,2022-09-06 08:25:02,2022-09-06,08:25:02,8,Tuesday,September,2022,Punjab,Gujranwala,Saddar,Street near Saddar Mosque,Saddar PS,32.173523,74.223353,Hurt / Assault,Violent,Knife,Male,48,Male,37.0,1.0,Arrested
PK-000184,FIR-0008/2022,2022-09-07 09:01:34,2022-09-07,09:01:34,9,Wednesday,September,2022,Punjab,Khanewal,Mall Road,Mall Road Service Road,Mall Road PS,30.282425,71.912857,Theft,Property,Not Used,Male,39,Male,27.0,2.0,Arrested
PK-000185,FIR-0012/2022,2022-09-07 17:33:30,2022-09-07,17:33:30,17,Wednesday,September,2022,Sindh,Karachi,Lyari,"House #393, Lyari",Lyari PS,24.876496,67.025051,Cybercrime / Fraud,Cyber,Not Used,Male,26,Male,14.0,1.0,Pending
PK-000186,FIR-0044/2022,2022-09-07 21:12:36,2022-09-07,21:12:36,21,Wednesday,September,2022,Punjab,Lahore,Model Town,"Plot 290, Model Town",Model Town PS,31.487696,74.317644,Attempted Murder,Violent,Blunt Object,Male,32,Male,38.0,1.0,Released on Bail
PK-000187,FIR-0042/2022,2022-09-17 11:10:10,2022-09-17,11:10:10,11,Saturday,September,2022,Sindh,Karachi,Lyari,"Sector D, Lyari",Lyari PS,24.873563,67.019547,Burglary,Property,Not Used,Male,31,Unknown,,,Pending
PK-000188,FIR-0076/2022,2022-09-18 21:01:17,2022-09-18,21:01:17,21,Sunday,September,2022,Punjab,Rawalpindi,Model Town,Model Town Park area,Model Town PS,33.584301,73.022896,Theft,Property,Not Used,Male,59,Male,25.0,1.0,Under Investigation
PK-000189,FIR-0016/2022,2022-09-19 18:53:13,2022-09-19,18:53:13,18,Monday,September,2022,Punjab,Multan,Khanewal Road,Main Khanewal Road Bazaar,Khanewal Bypass PS,30.196342,71.55097,Robbery,Property,Not Used,Male,29,Male,45.0,2.0,Pending
PK-000190,FIR-0044/2022,2022-09-22 23:49:44,2022-09-22,23:49:44,23,Thursday,September,2022,Punjab,Rawalpindi,Industrial Area,"House #240, Industrial Area",Industrial Area PS,33.525319,73.035619,Drug Possession,Drug,Not Used,Female,50,Male,42.0,3.0,Arrested
PK-000191,FIR-0042/2022,2022-09-24 08:53:28,2022-09-24,08:53:28,8,Saturday,September,2022,Punjab,Multan,Qasim Bela,"Plot 268, Qasim Bela",Sadar PS,30.171394,71.486339,Drug Possession,Drug,Not Used,Male,27,Male,31.0,3.0,Arrested
PK-000192,FIR-0021/2022,2022-09-26 01:57:20,2022-09-26,01:57:20,1,Monday,September,2022,Punjab,Multan,Model Town,"Sector E, Model Town",Gulgasht PS,30.248002,71.512159,Theft,Property,Not Used,Male,28,Female,16.0,1.0,Arrested
PK-000193,FIR-0080/2022,2022-09-26 04:50:00,2022-09-26,04:50:00,4,Monday,September,2022,Punjab,Bahawalpur,City Center,"Plot 374, City Center",City Center PS,29.392194,71.643586,Theft,Property,Not Used,Female,28,Male,35.0,1.0,Pending
PK-000194,FIR-0011/2022,2022-09-27 07:09:05,2022-09-27,07:09:05,7,Tuesday,September,2022,Punjab,Multan,Bosan Road,Bosan Road Park area,Bosan Road PS,30.246039,71.488282,Drug Possession,Drug,Not Used,Male,27,Male,38.0,2.0,Arrested
PK-000195,FIR-0046/2022,2022-09-28 01:05:07,2022-09-28,01:05:07,1,Wednesday,September,2022,Punjab,Multan,Shalimar Colony,"House #911, Shalimar Colony",Bosan Road PS,30.230934,71.509889,Cattle Theft,Property,Not Used,Female,51,Male,24.0,1.0,Pending
PK-000196,FIR-0103/2022,2022-09-28 17:21:37,2022-09-28,17:21:37,17,Wednesday,September,2022,KPK,Swat,University Town,"Plot 365, University Town",University Town PS,35.222291,72.424515,Motor Vehicle Theft,Property,Not Used,Female,65,Male,25.0,1.0,Pending
PK-000197,FIR-0017/2022,2022-09-28 20:11:37,2022-09-28,20:11:37,20,Wednesday,September,2022,Punjab,Lahore,Johar Town,Street near Johar Town Mosque,Johar Town PS,31.471878,74.274378,Drug Possession,Drug,Not Used,Male,33,Female,19.0,1.0,Arrested
PK-000198,FIR-0066/2022,2022-09-29 14:58:06,2022-09-29,14:58:06,14,Thursday,September,2022,Punjab,Gujranwala,City Center,City Center Park area,City Center PS,32.180186,74.213562,Hurt / Assault,Violent,Not Used,Male,17,Male,31.0,2.0,Under Investigation
PK-000199,FIR-0085/2022,2022-10-03 14:38:25,2022-10-03,14:38:25,14,Monday,October,2022,Punjab,Sargodha,Model Town,"Plot 146, Model Town",Model Town PS,32.110482,72.680592,Attempted Murder,Violent,Blunt Object,Female,52,Male,29.0,2.0,Under Investigation
PK-000200,FIR-0030/2022,2022-10-05 11:36:14,2022-10-05,11:36:14,11,Wednesday,October,2022,Sindh,Karachi,Korangi,Korangi Bus Stop,Korangi PS,24.843749,67.14854,Murder,Violent,Knife,Male,22,Male,33.0,1.0,Arrested
PK-000201,FIR-0074/2022,2022-10-06 22:51:58,2022-10-06,22:51:58,22,Thursday,October,2022,KPK,Swat,University Town,"House #419, University Town",University Town PS,35.238241,72.369484,Theft,Property,Not Used,Male,34,Female,21.0,2.0,Pending
PK-000202,FIR-0083/2022,2022-10-08 11:53:25,2022-10-08,11:53:25,11,Saturday,October,2022,KPK,Peshawar,Airport Road,Airport Road Bus Stop,Airport Road PS,34.019811,71.481793,Kidnapping / Abduction,Violent,Firearm,Male,40,Male,29.0,3.0,Arrested
PK-000203,FIR-0035/2022,2022-10-09 20:48:54,2022-10-09,20:48:54,20,Sunday,October,2022,Punjab,Multan,Old City,Old City Park area,City PS,30.195443,71.47564,Hurt / Assault,Violent,Knife,Male,26,Male,39.0,2.0,Released on Bail
PK-000204,FIR-0078/2022,2022-10-12 12:04:31,2022-10-12,12:04:31,12,Wednesday,October,2022,Punjab,Gujranwala,Old City,Street near Old City Mosque,Old City PS,32.147859,74.177247,Theft,Property,Not Used,Male,36,Male,37.0,2.0,Pending
PK-000205,FIR-0094/2022,2022-10-12 21:23:32,2022-10-12,21:23:32,21,Wednesday,October,2022,Punjab,Sialkot,Mall Road,Mall Road Bus Stop,Mall Road PS,32.507074,74.508464,Theft,Property,Not Used,Male,73,Unknown,,,Pending
PK-000206,FIR-0053/2022,2022-10-13 22:12:57,2022-10-13,22:12:57,22,Thursday,October,2022,Punjab,Gujranwala,Airport Road,Airport Road Service Road,Airport Road PS,32.186123,74.196097,Theft,Property,Not Used,Male,35,Unknown,,,Pending
PK-000207,FIR-0067/2022,2022-10-14 16:15:34,2022-10-14,16:15:34,16,Friday,October,2022,Punjab,Multan,Shujabad Road,Shujabad Road Bus Stop,Mumtazabad PS,30.149115,71.495416,Robbery,Property,Not Used,Female,17,Unknown,,,Pending
PK-000208,FIR-0116/2022,2022-10-18 00:05:09,2022-10-18,00:05:09,0,Tuesday,October,2022,Punjab,Bahawalpur,Industrial Area,"House #338, Industrial Area",Industrial Area PS,29.42073,71.694178,Attempted Murder,Violent,Firearm,Male,33,Male,21.0,1.0,Arrested
PK-000209,FIR-0057/2022,2022-10-18 05:32:02,2022-10-18,05:32:02,5,Tuesday,October,2022,Punjab,Multan,Qasim Bela,Qasim Bela Service Road,Sadar PS,30.169662,71.490765,Cattle Theft,Property,Not Used,Female,35,Male,37.0,1.0,Released on Bail
PK-000210,FIR-0055/2022,2022-10-19 23:16:52,2022-10-19,23:16:52,23,Wednesday,October,2022,KPK,Abbottabad,Airport Road,"House #87, Airport Road",Airport Road PS,34.151724,73.221119,Burglary,Property,Not Used,Female,45,Male,41.0,1.0,Arrested
PK-000211,FIR-0096/2022,2022-10-20 00:30:20,2022-10-20,00:30:20,0,Thursday,October,2022,Punjab,Faisalabad,University Town,"House #155, University Town",University Town PS,31.474102,73.110655,Theft,Property,Not Used,Female,45,Unknown,,,Pending
PK-000212,FIR-0009/2022,2022-10-21 17:01:05,2022-10-21,17:01:05,17,Friday,October,2022,Punjab,Multan,Chowk Kumharanwala,"House #88, Chowk Kumharanwala",City PS,30.205892,71.472579,Theft,Property,Not Used,Female,40,Unknown,,,Pending
PK-000213,FIR-0095/2022,2022-10-22 00:47:44,2022-10-22,00:47:44,0,Saturday,October,2022,Punjab,Khanewal,Old City,"Plot 425, Old City",Old City PS,30.299656,71.938772,Theft,Property,Not Used,Male,21,Unknown,,,Pending
PK-000214,FIR-0012/2022,2022-10-23 09:37:00,2022-10-23,09:37:00,9,Sunday,October,2022,Sindh,Karachi,Gulshan-e-Iqbal,Gulshan-e-Iqbal Park area,Gulshan-e-Iqbal PS,24.92378,67.097816,Kidnapping / Abduction,Violent,Not Used,Female,31,Male,18.0,4.0,Arrested
PK-000215,FIR-0021/2022,2022-10-25 18:51:31,2022-10-25,18:51:31,18,Tuesday,October,2022,Sindh,Karachi,Gulshan-e-Iqbal,"Sector E, Gulshan-e-Iqbal",Gulshan-e-Iqbal PS,24.923394,67.098509,Theft,Property,Not Used,Male,49,Unknown,,,Pending
PK-000216,FIR-0038/2022,2022-10-26 20:57:28,2022-10-26,20:57:28,20,Wednesday,October,2022,Punjab,Multan,Mumtazabad,"Plot 425, Mumtazabad",Mumtazabad PS,30.187628,71.451873,Theft,Property,Not Used,Male,26,Unknown,,,Under Investigation
PK-000217,FIR-0031/2022,2022-10-27 04:14:39,2022-10-27,04:14:39,4,Thursday,October,2022,Punjab,Lahore,Gulberg,Near Gulberg Petrol Pump,Gulberg PS,31.520135,74.352123,Cybercrime / Fraud,Cyber,Not Used,Female,24,Male,38.0,1.0,Under Investigation
PK-000218,FIR-0018/2022,2022-10-27 08:27:34,2022-10-27,08:27:34,8,Thursday,October,2022,Punjab,Faisalabad,Airport Road,Near Airport Road Chowk,Airport Road PS,31.489458,73.133778,Hurt / Assault,Violent,Knife,Male,24,Male,31.0,1.0,Arrested
PK-000219,FIR-0019/2022,2022-10-28 18:09:24,2022-10-28,18:09:24,18,Friday,October,2022,KPK,Mardan,City Center,Street near City Center Mosque,City Center PS,34.218306,72.031475,Robbery,Property,Not Used,Female,38,Unknown,,,Under Investigation
PK-000220,FIR-0090/2022,2022-10-31 14:22:05,2022-10-31,14:22:05,14,Monday,October,2022,Punjab,Sahiwal,City Center,"Sector B, City Center",City Center PS,30.653132,73.088941,Hurt / Assault,Violent,Knife,Male,47,Male,22.0,3.0,Arrested
PK-000221,FIR-0022/2022,2022-10-31 18:03:43,2022-10-31,18:03:43,18,Monday,October,2022,Punjab,Lahore,Township,Township Bus Stop,Township PS,31.451885,74.308907,Attempted Murder,Violent,Knife,Male,29,Male,24.0,2.0,Arrested
PK-000222,FIR-0053/2022,2022-11-03 15:35:30,2022-11-03,15:35:30,15,Thursday,November,2022,Sindh,Karachi,Korangi,"House #968, Korangi",Korangi PS,24.845713,67.15748,Cattle Theft,Property,Not Used,Female,50,Male,15.0,1.0,Pending
PK-000223,FIR-0025/2022,2022-11-04 04:38:50,2022-11-04,04:38:50,4,Friday,November,2022,Sindh,Karachi,Korangi,Near Korangi Petrol Pump,Korangi PS,24.849771,67.156877,Rape,Violent,Knife,Male,6,Male,35.0,1.0,Arrested
PK-000224,FIR-0042/2022,2022-11-09 18:24:01,2022-11-09,18:24:01,18,Wednesday,November,2022,Punjab,Multan,Mumtazabad,"Sector C, Mumtazabad",Mumtazabad PS,30.189512,71.457916,Theft,Property,Not Used,Female,55,Male,25.0,2.0,Arrested
PK-000225,FIR-0070/2022,2022-11-21 03:33:25,2022-11-21,03:33:25,3,Monday,November,2022,Punjab,Sialkot,Model Town,Near Model Town Chowk,Model Town PS,32.490052,74.5098,Murder,Violent,Blunt Object,Female,14,Male,35.0,2.0,Arrested
PK-000226,FIR-0065/2022,2022-11-21 10:28:33,2022-11-21,10:28:33,10,Monday,November,2022,KPK,Peshawar,Mall Road,Street near Mall Road Mosque,Mall Road PS,34.009826,71.536059,Motor Vehicle Theft,Property,Not Used,Male,19,Male,28.0,1.0,Pending
PK-000227,FIR-0032/2022,2022-11-23 23:53:36,2022-11-23,23:53:36,23,Wednesday,November,2022,Sindh,Karachi,DHA Karachi,Near DHA Karachi Chowk,DHA Karachi PS,24.803838,67.045626,Theft,Property,Not Used,Male,40,Unknown,,,Pending
PK-000228,FIR-0006/2022,2022-11-25 23:40:20,2022-11-25,23:40:20,23,Friday,November,2022,Punjab,Khanewal,Old City,Street near Old City Mosque,Old City PS,30.288829,71.952599,Burglary,Property,Not Used,Female,30,Unknown,,,Pending
PK-000229,FIR-0027/2022,2022-11-27 23:25:50,2022-11-27,23:25:50,23,Sunday,November,2022,Sindh,Karachi,North Nazimabad,North Nazimabad Park area,North Nazimabad PS,24.943823,67.032311,Motor Vehicle Theft,Property,Not Used,Male,29,Male,35.0,1.0,Pending
PK-000230,FIR-0005/2022,2022-11-28 09:29:55,2022-11-28,09:29:55,9,Monday,November,2022,Punjab,Lahore,Johar Town,"Block 11, Johar Town",Johar Town PS,31.475834,74.273596,Hurt / Assault,Violent,Not Used,Male,60,Male,27.0,1.0,Pending
PK-000231,FIR-0054/2022,2022-11-28 21:31:35,2022-11-28,21:31:35,21,Monday,November,2022,Punjab,Multan,Bosan Road,Street near Bosan Road Mosque,Bosan Road PS,30.244336,71.496323,Robbery,Property,Firearm,Female,34,Unknown,,,Pending
PK-000232,FIR-0082/2022,2022-11-29 18:00:31,2022-11-29,18:00:31,18,Tuesday,November,2022,Punjab,Faisalabad,City Center,Street near City Center Mosque,City Center PS,31.444073,73.114964,Robbery,Property,Firearm,Male,38,Male,28.0,5.0,Pending
PK-000233,FIR-0048/2022,2022-11-30 01:35:47,2022-11-30,01:35:47,1,Wednesday,November,2022,Punjab,Multan,New Multan,Near New Multan Chowk,New Multan PS,30.23758,71.472804,Motor Vehicle Theft,Property,Not Used,Female,41,Unknown,,,Pending
PK-000234,FIR-0054/2022,2022-12-01 22:27:13,2022-12-01,22:27:13,22,Thursday,December,2022,Sindh,Hyderabad,University Town,"Plot 498, University Town",University Town PS,25.364227,68.342357,Motor Vehicle Theft,Property,Not Used,Female,29,Male,34.0,1.0,Pending
PK-000235,FIR-0005/2022,2022-12-02 18:07:05,2022-12-02,18:07:05,18,Friday,December,2022,KPK,Abbottabad,Airport Road,Near Airport Road Petrol Pump,Airport Road PS,34.142228,73.200066,Cybercrime / Fraud,Cyber,Not Used,Female,20,Male,22.0,1.0,Released on Bail
PK-000236,FIR-0012/2022,2022-12-03 01:18:10,2022-12-03,01:18:10,1,Saturday,December,2022,Punjab,Multan,Shujabad Road,"Sector E, Shujabad Road",Mumtazabad PS,30.151008,71.48485,Theft,Property,Not Used,Male,35,Unknown,,,Pending
PK-000237,FIR-0054/2022,2022-12-05 22:33:34,2022-12-05,22:33:34,22,Monday,December,2022,Punjab,Multan,Bahawalpur Road,Bahawalpur Road Market,Mumtazabad PS,30.171136,71.481523,Domestic Violence,Violent,Not Used,Female,52,Unknown,,,Pending
PK-000238,FIR-0030/2022,2022-12-05 22:40:18,2022-12-05,22:40:18,22,Monday,December,2022,Punjab,Multan,Shah Rukn-e-Alam Colony,Shah Rukn-e-Alam Colony Market,Shah Rukn-e-Alam PS,30.240255,71.483074,Burglary,Property,Not Used,Female,59,Male,38.0,1.0,Pending
PK-000239,FIR-0052/2022,2022-12-06 07:50:52,2022-12-06,07:50:52,7,Tuesday,December,2022,KPK,Mardan,Airport Road,Near Airport Road Chowk,Airport Road PS,34.204332,72.043286,Drug Possession,Drug,Not Used,Female,21,Male,23.0,1.0,Released on Bail
PK-000240,FIR-0004/2022,2022-12-07 19:10:45,2022-12-07,19:10:45,19,Wednesday,December,2022,Punjab,Multan,Qasim Bela,Qasim Bela Park area,Sadar PS,30.171123,71.494663,Robbery,Property,Not Used,Male,15,Unknown,,,Under Investigation
PK-000241,FIR-0012/2022,2022-12-07 19:45:44,2022-12-07,19:45:44,19,Wednesday,December,2022,Punjab,Lahore,Township,"Sector E, Township",Township PS,31.455665,74.315302,Burglary,Property,Not Used,Male,38,Unknown,,,Pending
PK-000242,FIR-0063/2022,2022-12-07 20:32:01,2022-12-07,20:32:01,20,Wednesday,December,2022,Balochistan,Gwadar,Cantt,Cantt Service Road,Cantt PS,25.122537,62.282932,Theft,Property,Not Used,Female,35,Unknown,,,Under Investigation
PK-000243,FIR-0091/2022,2022-12-09 22:20:57,2022-12-09,22:20:57,22,Friday,December,2022,Punjab,Rawalpindi,University Town,Near University Town Chowk,University Town PS,33.567318,73.028026,Hurt / Assault,Violent,Blunt Object,Female,42,Male,14.0,1.0,Arrested
PK-000244,FIR-0018/2022,2022-12-10 09:10:58,2022-12-10,09:10:58,9,Saturday,December,2022,Punjab,Multan,Shalimar Colony,"Sector E, Shalimar Colony",Bosan Road PS,30.233829,71.492412,Theft,Property,Not Used,Female,38,Male,35.0,3.0,Released on Bail
PK-000245,FIR-0020/2022,2022-12-10 14:24:42,2022-12-10,14:24:42,14,Saturday,December,2022,Punjab,Multan,Chungi No. 9,"Block 8, Chungi No. 9",New Multan PS,30.207096,71.4727,Theft,Property,Not Used,Male,58,Male,30.0,2.0,Pending
PK-000246,FIR-0139/2022,2022-12-10 18:31:38,2022-12-10,18:31:38,18,Saturday,December,2022,Punjab,Bahawalpur,Cantt,"Sector A, Cantt",Cantt PS,29.367993,71.6753,Theft,Property,Not Used,Male,40,Female,32.0,1.0,Arrested
PK-000247,FIR-0033/2022,2022-12-12 18:30:25,2022-12-12,18:30:25,18,Monday,December,2022,Punjab,Rawalpindi,Civil Lines,"Sector D, Civil Lines",Civil Lines PS,33.572727,73.044211,Burglary,Property,Not Used,Male,26,Male,32.0,1.0,Arrested
PK-000248,FIR-0032/2022,2022-12-13 22:42:58,2022-12-13,22:42:58,22,Tuesday,December,2022,Punjab,Lahore,Walled City,Walled City Market,Walled City PS,31.580364,74.312808,Robbery,Property,Knife,Male,40,Male,14.0,3.0,Under Investigation
PK-000249,FIR-0033/2022,2022-12-15 08:37:51,2022-12-15,08:37:51,8,Thursday,December,2022,Punjab,Multan,Suraj Miani,Suraj Miani Market,Sadar PS,30.204985,71.432916,Cattle Theft,Property,Not Used,Male,51,Unknown,,,Pending
PK-000250,FIR-0031/2022,2022-12-16 21:03:44,2022-12-16,21:03:44,21,Friday,December,2022,Punjab,Multan,Qasim Bela,Near Qasim Bela Chowk,Sadar PS,30.165879,71.493968,Robbery,Property,Firearm,Male,22,Unknown,,,Pending
PK-000251,FIR-0055/2022,2022-12-19 02:33:48,2022-12-19,02:33:48,2,Monday,December,2022,Sindh,Karachi,Malir,Near Malir Chowk,Malir PS,24.892739,67.21648,Cattle Theft,Property,Not Used,Male,41,Male,30.0,1.0,Arrested
PK-000252,FIR-0039/2022,2022-12-19 21:12:13,2022-12-19,21:12:13,21,Monday,December,2022,Balochistan,Quetta,University Town,Street near University Town Mosque,University Town PS,30.171403,66.933501,Murder,Violent,Strangulation,Male,61,Male,20.0,1.0,Released on Bail
PK-000253,FIR-0020/2022,2022-12-20 17:18:25,2022-12-20,17:18:25,17,Tuesday,December,2022,Sindh,Karachi,DHA Karachi,"Sector A, DHA Karachi",DHA Karachi PS,24.803321,67.049185,Hurt / Assault,Violent,Knife,Female,29,Male,30.0,1.0,Arrested
PK-000254,FIR-0035/2022,2022-12-21 01:25:18,2022-12-21,01:25:18,1,Wednesday,December,2022,Punjab,Rawalpindi,Saddar,Saddar Bus Stop,Saddar PS,33.576396,73.012658,Drug Possession,Drug,Not Used,Female,42,Male,25.0,1.0,Arrested
PK-000255,FIR-0025/2022,2022-12-23 01:46:25,2022-12-23,01:46:25,1,Friday,December,2022,KPK,Swat,Industrial Area,Industrial Area Park area,Industrial Area PS,35.234149,72.438819,Theft,Property,Not Used,Female,33,Male,18.0,1.0,Pending
PK-000256,FIR-0032/2022,2022-12-23 12:22:40,2022-12-23,12:22:40,12,Friday,December,2022,Punjab,Multan,Gulgasht Colony,Gulgasht Colony Market,Gulgasht PS,30.252371,71.502513,Attempted Murder,Violent,Knife,Male,59,Unknown,,,Under Investigation
PK-000257,FIR-0041/2022,2022-12-24 06:05:35,2022-12-24,06:05:35,6,Saturday,December,2022,Punjab,Multan,Model Town,Main Model Town Bazaar,Gulgasht PS,30.247783,71.505357,Cybercrime / Fraud,Cyber,Not Used,Male,33,Male,26.0,1.0,Arrested
PK-000258,FIR-0149/2022,2022-12-25 09:45:35,2022-12-25,09:45:35,9,Sunday,December,2022,Punjab,Multan,Northern Bypass,Street near Northern Bypass Mosque,Cantt PS,30.254024,71.4477,Domestic Violence,Violent,Blunt Object,Male,46,Male,27.0,1.0,Arrested
PK-000259,FIR-0028/2022,2022-12-26 23:31:16,2022-12-26,23:31:16,23,Monday,December,2022,Punjab,Multan,Qasim Bela,"Sector C, Qasim Bela",Sadar PS,30.164064,71.48756,Domestic Violence,Violent,Blunt Object,Female,37,Unknown,,,Pending
PK-000260,FIR-0003/2022,2022-12-27 17:23:11,2022-12-27,17:23:11,17,Tuesday,December,2022,Sindh,Karachi,Korangi,Korangi Bus Stop,Korangi PS,24.84277,67.142433,Theft,Property,Not Used,Male,50,Unknown,,,Pending
PK-000261,FIR-0031/2022,2022-12-31 01:23:04,2022-12-31,01:23:04,1,Saturday,December,2022,Sindh,Karachi,Lyari,Near Lyari Chowk,Lyari PS,24.878993,67.025643,Motor Vehicle Theft,Property,Not Used,Male,62,Male,29.0,1.0,Pending
PK-000262,FIR-0072/2022,2022-12-31 11:41:45,2022-12-31,11:41:45,11,Saturday,December,2022,KPK,Peshawar,Industrial Area,Near Industrial Area Chowk,Industrial Area PS,34.027973,71.497291,Murder,Violent,Blunt Object,Female,32,Male,26.0,1.0,Arrested
PK-000263,FIR-0058/2022,2022-12-31 20:38:03,2022-12-31,20:38:03,20,Saturday,December,2022,Punjab,Lahore,Cantt,Cantt Market,Cantt PS,31.53163,74.415219,Murder,Violent,Strangulation,Male,18,Male,24.0,2.0,Arrested
PK-000264,FIR-0012/2023,2023-01-01 16:19:11,2023-01-01,16:19:11,16,Sunday,January,2023,Punjab,Lahore,Gulberg,"Plot 181, Gulberg",Gulberg PS,31.516516,74.357459,Theft,Property,Not Used,Female,39,Male,26.0,1.0,Arrested
PK-000265,FIR-0058/2023,2023-01-01 23:14:26,2023-01-01,23:14:26,23,Sunday,January,2023,Sindh,Karachi,Korangi,Street near Korangi Mosque,Korangi PS,24.84802,67.155351,Theft,Property,Not Used,Male,9,Male,46.0,1.0,Under Investigation
PK-000266,FIR-0002/2023,2023-01-03 04:06:33,2023-01-03,04:06:33,4,Tuesday,January,2023,Punjab,Rawalpindi,Model Town,Model Town Service Road,Model Town PS,33.557409,73.037026,Murder,Violent,Strangulation,Male,26,Male,34.0,1.0,Arrested
PK-000267,FIR-0023/2023,2023-01-03 15:14:03,2023-01-03,15:14:03,15,Tuesday,January,2023,KPK,Peshawar,Old City,Main Old City Bazaar,Old City PS,33.999616,71.512848,Theft,Property,Not Used,Female,35,Male,19.0,1.0,Released on Bail
PK-000268,FIR-0022/2023,2023-01-04 19:42:26,2023-01-04,19:42:26,19,Wednesday,January,2023,Sindh,Karachi,Gulshan-e-Iqbal,Gulshan-e-Iqbal Market,Gulshan-e-Iqbal PS,24.939223,67.106872,Hurt / Assault,Violent,Blunt Object,Female,36,Male,23.0,1.0,Released on Bail
PK-000269,FIR-0045/2023,2023-01-05 06:26:48,2023-01-05,06:26:48,6,Thursday,January,2023,Punjab,Gujranwala,Civil Lines,"Sector B, Civil Lines",Civil Lines PS,32.192646,74.209729,Hurt / Assault,Violent,Not Used,Male,21,Male,25.0,2.0,Released on Bail
PK-000270,FIR-0034/2023,2023-01-05 11:30:13,2023-01-05,11:30:13,11,Thursday,January,2023,Punjab,Multan,Model Town,"Sector A, Model Town",Gulgasht PS,30.255103,71.509633,Hurt / Assault,Violent,Not Used,Male,48,Male,37.0,1.0,Arrested
PK-000271,FIR-0033/2023,2023-01-05 13:23:12,2023-01-05,13:23:12,13,Thursday,January,2023,Punjab,Bahawalpur,Old City,Street near Old City Mosque,Old City PS,29.372161,71.647219,Burglary,Property,Not Used,Male,61,Unknown,,,Under Investigation
PK-000272,FIR-0045/2023,2023-01-06 18:29:20,2023-01-06,18:29:20,18,Friday,January,2023,Sindh,Karachi,Korangi,"Block 12, Korangi",Korangi PS,24.841459,67.155861,Robbery,Property,Not Used,Female,47,Male,24.0,2.0,Arrested
PK-000273,FIR-0031/2023,2023-01-15 22:06:49,2023-01-15,22:06:49,22,Sunday,January,2023,Punjab,Multan,Old City,"Plot 453, Old City",City PS,30.19743,71.470742,Hurt / Assault,Violent,Not Used,Female,22,Male,25.0,1.0,Under Investigation
PK-000274,FIR-0110/2023,2023-01-16 20:47:33,2023-01-16,20:47:33,20,Monday,January,2023,Sindh,Karachi,Saddar,Near Saddar Petrol Pump,Saddar PS,24.850641,67.018312,Theft,Property,Not Used,Female,36,Unknown,,,Pending
PK-000275,FIR-0014/2023,2023-01-16 22:14:29,2023-01-16,22:14:29,22,Monday,January,2023,Sindh,Karachi,Lyari,"House #273, Lyari",Lyari PS,24.882077,67.017477,Robbery,Property,Knife,Female,7,Male,30.0,1.0,Released on Bail
PK-000276,FIR-0101/2023,2023-01-17 01:43:28,2023-01-17,01:43:28,1,Tuesday,January,2023,Balochistan,Gwadar,Mall Road,Mall Road Bus Stop,Mall Road PS,25.127369,62.306569,Theft,Property,Not Used,Male,53,Male,29.0,2.0,Pending
PK-000277,FIR-0073/2023,2023-01-17 09:25:32,2023-01-17,09:25:32,9,Tuesday,January,2023,Punjab,Gujranwala,City Center,"House #992, City Center",City Center PS,32.173253,74.203321,Theft,Property,Not Used,Female,41,Male,33.0,1.0,Arrested
PK-000278,FIR-0117/2023,2023-01-17 23:26:29,2023-01-17,23:26:29,23,Tuesday,January,2023,Punjab,Faisalabad,City Center,"Block 3, City Center",City Center PS,31.470401,73.169877,Motor Vehicle Theft,Property,Not Used,Male,34,Male,29.0,1.0,Arrested
PK-000279,FIR-0054/2023,2023-01-18 08:04:08,2023-01-18,08:04:08,8,Wednesday,January,2023,Punjab,Multan,Wapda Town,Wapda Town Bus Stop,Bosan Road PS,30.255617,71.486478,Murder,Violent,Blunt Object,Male,25,Male,29.0,2.0,Released on Bail
PK-000280,FIR-0009/2023,2023-01-22 21:47:20,2023-01-22,21:47:20,21,Sunday,January,2023,Punjab,Multan,Shujabad Road,Street near Shujabad Road Mosque,Mumtazabad PS,30.155606,71.498,Cattle Theft,Property,Not Used,Male,56,Unknown,,,Pending
PK-000281,FIR-0033/2023,2023-01-23 03:52:34,2023-01-23,03:52:34,3,Monday,January,2023,Sindh,Karachi,Clifton,"Plot 150, Clifton",Clifton PS,24.81796,67.031665,Hurt / Assault,Violent,Not Used,Male,23,Male,36.0,1.0,Arrested
PK-000282,FIR-0055/2023,2023-01-24 12:03:43,2023-01-24,12:03:43,12,Tuesday,January,2023,Punjab,Faisalabad,City Center,"Plot 416, City Center",City Center PS,31.426201,73.132704,Robbery,Property,Firearm,Female,13,Male,26.0,2.0,Under Investigation
PK-000283,FIR-0088/2023,2023-01-25 23:30:53,2023-01-25,23:30:53,23,Wednesday,January,2023,Punjab,Lahore,Cantt,Main Cantt Bazaar,Cantt PS,31.527424,74.415158,Robbery,Property,Firearm,Male,53,Unknown,,,Pending
PK-000284,FIR-0021/2023,2023-01-25 23:46:12,2023-01-25,23:46:12,23,Wednesday,January,2023,Sindh,Karachi,Malir,"Sector E, Malir",Malir PS,24.892141,67.199206,Motor Vehicle Theft,Property,Not Used,Female,12,Male,25.0,1.0,Arrested
PK-000285,FIR-0063/2023,2023-01-28 23:40:06,2023-01-28,23:40:06,23,Saturday,January,2023,Sindh,Hyderabad,Model Town,Main Model Town Bazaar,Model Town PS,25.393556,68.382008,Burglary,Property,Not Used,Male,33,Male,39.0,1.0,Pending
PK-000286,FIR-0065/2023,2023-02-03 01:19:35,2023-02-03,01:19:35,1,Friday,February,2023,Punjab,Rawalpindi,Cantt,Cantt Park area,Cantt PS,33.560586,73.026013,Theft,Property,Not Used,Male,23,Male,35.0,1.0,Pending
PK-000287,FIR-0034/2023,2023-02-05 22:07:24,2023-02-05,22:07:24,22,Sunday,February,2023,Punjab,Gujranwala,Industrial Area,"Sector E, Industrial Area",Industrial Area PS,32.164069,74.198903,Hurt / Assault,Violent,Firearm,Male,10,Male,24.0,1.0,Arrested
PK-000288,FIR-0052/2023,2023-02-09 11:12:18,2023-02-09,11:12:18,11,Thursday,February,2023,Punjab,Faisalabad,University Town,Near University Town Chowk,University Town PS,31.438306,73.179812,Theft,Property,Not Used,Female,23,Male,21.0,1.0,Under Investigation
PK-000289,FIR-0010/2023,2023-02-11 20:01:29,2023-02-11,20:01:29,20,Saturday,February,2023,Punjab,Multan,Chowk Kumharanwala,Near Chowk Kumharanwala Chowk,City PS,30.196051,71.475493,Theft,Property,Not Used,Male,35,Unknown,,,Pending
PK-000290,FIR-0005/2023,2023-02-13 03:35:56,2023-02-13,03:35:56,3,Monday,February,2023,Punjab,Multan,Gulgasht Colony,"Plot 464, Gulgasht Colony",Gulgasht PS,30.245912,71.499325,Motor Vehicle Theft,Property,Not Used,Male,8,Male,33.0,1.0,Under Investigation
PK-000291,FIR-0046/2023,2023-02-18 14:55:14,2023-02-18,14:55:14,14,Saturday,February,2023,Punjab,Bahawalpur,Model Town,Model Town Service Road,Model Town PS,29.429619,71.719688,Theft,Property,Not Used,Female,31,Unknown,,,Under Investigation
PK-000292,FIR-0024/2023,2023-02-19 20:05:12,2023-02-19,20:05:12,20,Sunday,February,2023,Punjab,Multan,Suraj Miani,Suraj Miani Bus Stop,Sadar PS,30.217895,71.422544,Burglary,Property,Not Used,Male,52,Unknown,,,Under Investigation
PK-000293,FIR-0076/2023,2023-02-22 13:06:19,2023-02-22,13:06:19,13,Wednesday,February,2023,Punjab,Multan,Chungi No. 9,Chungi No. 9 Service Road,New Multan PS,30.208943,71.465116,Murder,Violent,Strangulation,Male,19,Male,22.0,1.0,Arrested
PK-000294,FIR-0016/2023,2023-02-22 17:24:55,2023-02-22,17:24:55,17,Wednesday,February,2023,Punjab,Lahore,Gulberg,Gulberg Bus Stop,Gulberg PS,31.522866,74.358555,Hurt / Assault,Violent,Firearm,Female,8,Male,45.0,1.0,Arrested
PK-000295,FIR-0017/2023,2023-02-23 23:27:49,2023-02-23,23:27:49,23,Thursday,February,2023,Sindh,Karachi,Korangi,Near Korangi Petrol Pump,Korangi PS,24.849714,67.14905,Cybercrime / Fraud,Cyber,Not Used,Male,31,Unknown,,,Pending
PK-000296,FIR-0059/2023,2023-02-25 08:56:18,2023-02-25,08:56:18,8,Saturday,February,2023,Punjab,Multan,Basti Malook,Basti Malook Market,Sadar PS,30.208883,71.427173,Cattle Theft,Property,Not Used,Female,24,Male,30.0,2.0,Pending
PK-000297,FIR-0020/2023,2023-02-25 15:10:07,2023-02-25,15:10:07,15,Saturday,February,2023,Sindh,Karachi,Korangi,"Sector C, Korangi",Korangi PS,24.841415,67.15382,Dacoity,Violent,Firearm,Male,43,Female,37.0,3.0,Arrested
PK-000298,FIR-0010/2023,2023-02-27 19:41:19,2023-02-27,19:41:19,19,Monday,February,2023,Punjab,Multan,Shah Shams Colony,"Plot 451, Shah Shams Colony",Shah Shams PS,30.193084,71.469272,Theft,Property,Not Used,Male,42,Unknown,,,Pending
PK-000299,FIR-0122/2023,2023-02-27 23:08:34,2023-02-27,23:08:34,23,Monday,February,2023,KPK,Peshawar,City Center,City Center Bus Stop,City Center PS,34.052623,71.503554,Cattle Theft,Property,Not Used,Female,18,Male,35.0,1.0,Pending
PK-000300,FIR-0126/2023,2023-03-01 22:07:47,2023-03-01,22:07:47,22,Wednesday,March,2023,Sindh,Hyderabad,Model Town,Model Town Park area,Model Town PS,25.378857,68.404778,Theft,Property,Not Used,Female,5,Unknown,,,Under Investigation
PK-000301,FIR-0050/2023,2023-03-02 02:53:58,2023-03-02,02:53:58,2,Thursday,March,2023,Sindh,Hyderabad,City Center,Main City Center Bazaar,City Center PS,25.394336,68.369124,Cattle Theft,Property,Not Used,Male,48,Male,30.0,1.0,Arrested
PK-000302,FIR-0047/2023,2023-03-04 12:15:57,2023-03-04,12:15:57,12,Saturday,March,2023,Punjab,Rawalpindi,Model Town,Main Model Town Bazaar,Model Town PS,33.560709,73.0313,Kidnapping / Abduction,Violent,Not Used,Male,29,Male,21.0,4.0,Under Investigation
PK-000303,FIR-0011/2023,2023-03-04 17:54:29,2023-03-04,17:54:29,17,Saturday,March,2023,Sindh,Karachi,Clifton,Clifton Bus Stop,Clifton PS,24.824693,67.030872,Hurt / Assault,Violent,Blunt Object,Male,32,Male,35.0,1.0,Pending
PK-000304,FIR-0010/2023,2023-03-06 20:42:18,2023-03-06,20:42:18,20,Monday,March,2023,Punjab,Multan,Qasim Bela,Main Qasim Bela Bazaar,Sadar PS,30.182058,71.497582,Hurt / Assault,Violent,Knife,Female,43,Male,28.0,1.0,Released on Bail
PK-000305,FIR-0002/2023,2023-03-09 22:26:47,2023-03-09,22:26:47,22,Thursday,March,2023,Sindh,Hyderabad,Industrial Area,Near Industrial Area Chowk,Industrial Area PS,25.370465,68.336179,Theft,Property,Not Used,Male,49,Unknown,,,Pending
PK-000306,FIR-0010/2023,2023-03-10 19:01:10,2023-03-10,19:01:10,19,Friday,March,2023,Punjab,Lahore,DHA Lahore,Main DHA Lahore Bazaar,DHA Lahore PS,31.469362,74.40778,Theft,Property,Not Used,Male,14,Unknown,,,Pending
PK-000307,FIR-0099/2023,2023-03-12 13:55:25,2023-03-12,13:55:25,13,Sunday,March,2023,Punjab,Faisalabad,University Town,University Town Bus Stop,University Town PS,31.445599,73.164353,Cybercrime / Fraud,Cyber,Not Used,Female,62,Female,20.0,3.0,Pending
PK-000308,FIR-0090/2023,2023-03-13 14:38:04,2023-03-13,14:38:04,14,Monday,March,2023,KPK,Peshawar,Mall Road,Street near Mall Road Mosque,Mall Road PS,33.999592,71.529143,Theft,Property,Not Used,Male,23,Male,40.0,1.0,Under Investigation
PK-000309,FIR-0041/2023,2023-03-14 00:46:29,2023-03-14,00:46:29,0,Tuesday,March,2023,Punjab,Lahore,Walled City,Walled City Park area,Walled City PS,31.580973,74.320433,Hurt / Assault,Violent,Blunt Object,Male,41,Male,29.0,1.0,Arrested
PK-000310,FIR-0060/2023,2023-03-14 15:12:44,2023-03-14,15:12:44,15,Tuesday,March,2023,ICT,Islamabad,Model Town,Model Town Service Road,Model Town PS,33.686503,73.035247,Drug Possession,Drug,Not Used,Male,37,Unknown,,,Under Investigation
PK-000311,FIR-0031/2023,2023-03-14 16:41:58,2023-03-14,16:41:58,16,Tuesday,March,2023,Punjab,Khanewal,Saddar,Saddar Market,Saddar PS,30.294209,71.912401,Drug Possession,Drug,Not Used,Male,7,Male,22.0,2.0,Arrested
PK-000312,FIR-0005/2023,2023-03-14 19:03:16,2023-03-14,19:03:16,19,Tuesday,March,2023,Punjab,Lahore,Township,Near Township Petrol Pump,Township PS,31.455608,74.306145,Theft,Property,Not Used,Male,30,Male,30.0,1.0,Pending
PK-000313,FIR-0190/2023,2023-03-15 18:08:48,2023-03-15,18:08:48,18,Wednesday,March,2023,Sindh,Karachi,Saddar,"Plot 84, Saddar",Saddar PS,24.85752,67.023082,Drug Possession,Drug,Not Used,Male,22,Male,14.0,1.0,Released on Bail
PK-000314,FIR-0001/2023,2023-03-15 21:41:14,2023-03-15,21:41:14,21,Wednesday,March,2023,Sindh,Karachi,North Nazimabad,"Plot 438, North Nazimabad",North Nazimabad PS,24.941528,67.036654,Rape,Violent,Not Used,Male,38,Unknown,,,Pending
PK-000315,FIR-0013/2023,2023-03-16 08:39:41,2023-03-16,08:39:41,8,Thursday,March,2023,Punjab,Lahore,Township,Township Bus Stop,Township PS,31.446544,74.304058,Hurt / Assault,Violent,Blunt Object,Male,40,Unknown,,,Pending
PK-000316,FIR-0017/2023,2023-03-18 03:20:38,2023-03-18,03:20:38,3,Saturday,March,2023,Punjab,Lahore,Gulberg,Main Gulberg Bazaar,Gulberg PS,31.520546,74.360049,Theft,Property,Not Used,Female,35,Unknown,,,Pending
PK-000317,FIR-0001/2023,2023-03-18 21:07:22,2023-03-18,21:07:22,21,Saturday,March,2023,Sindh,Karachi,Clifton,"Sector D, Clifton",Clifton PS,24.810335,67.034398,Motor Vehicle Theft,Property,Not Used,Male,39,Male,34.0,1.0,Pending
PK-000318,FIR-0037/2023,2023-03-18 23:04:43,2023-03-18,23:04:43,23,Saturday,March,2023,KPK,Peshawar,Mall Road,Mall Road Service Road,Mall Road PS,34.00735,71.53915,Burglary,Property,Not Used,Male,25,Male,16.0,1.0,Arrested
PK-000319,FIR-0083/2023,2023-03-20 19:10:05,2023-03-20,19:10:05,19,Monday,March,2023,Punjab,Sahiwal,Industrial Area,Industrial Area Bus Stop,Industrial Area PS,30.657554,73.106814,Theft,Property,Not Used,Female,49,Male,28.0,2.0,Arrested
PK-000320,FIR-0033/2023,2023-03-21 21:34:00,2023-03-21,21:34:00,21,Tuesday,March,2023,Sindh,Sukkur,Model Town,"Block 5, Model Town",Model Town PS,27.714245,68.829923,Burglary,Property,Not Used,Female,32,Unknown,,,Under Investigation
PK-000321,FIR-0035/2023,2023-03-22 20:20:39,2023-03-22,20:20:39,20,Wednesday,March,2023,Punjab,Lahore,Iqbal Town,Street near Iqbal Town Mosque,Iqbal Town PS,31.500305,74.279714,Theft,Property,Not Used,Male,5,Male,24.0,2.0,Pending
PK-000322,FIR-0046/2023,2023-03-23 00:33:34,2023-03-23,00:33:34,0,Thursday,March,2023,Sindh,Sukkur,Mall Road,"Sector C, Mall Road",Mall Road PS,27.694117,68.887467,Motor Vehicle Theft,Property,Not Used,Female,38,Unknown,,,Under Investigation
PK-000323,FIR-0054/2023,2023-03-28 19:12:25,2023-03-28,19:12:25,19,Tuesday,March,2023,Punjab,Multan,Suraj Miani,Street near Suraj Miani Mosque,Sadar PS,30.214502,71.435743,Hurt / Assault,Violent,Knife,Male,17,Male,30.0,1.0,Arrested
PK-000324,FIR-0004/2023,2023-03-31 19:14:08,2023-03-31,19:14:08,19,Friday,March,2023,Punjab,Lahore,Johar Town,"Sector C, Johar Town",Johar Town PS,31.463026,74.272103,Attempted Murder,Violent,Knife,Male,26,Male,35.0,1.0,Released on Bail
PK-000325,FIR-0049/2023,2023-03-31 21:16:14,2023-03-31,21:16:14,21,Friday,March,2023,Punjab,Multan,Wapda Town,Near Wapda Town Chowk,Bosan Road PS,30.239198,71.49868,Drug Possession,Drug,Not Used,Female,26,Male,32.0,2.0,Under Investigation
PK-000326,FIR-0040/2023,2023-04-01 11:03:30,2023-04-01,11:03:30,11,Saturday,April,2023,Punjab,Multan,Qasim Bela,Near Qasim Bela Petrol Pump,Sadar PS,30.172125,71.498383,Kidnapping / Abduction,Violent,Firearm,Male,49,Male,46.0,2.0,Under Investigation
PK-000327,FIR-0128/2023,2023-04-03 01:59:04,2023-04-03,01:59:04,1,Monday,April,2023,Punjab,Rawalpindi,Model Town,"House #147, Model Town",Model Town PS,33.565143,72.987171,Motor Vehicle Theft,Property,Not Used,Female,72,Unknown,,,Pending
PK-000328,FIR-0005/2023,2023-04-04 04:51:19,2023-04-04,04:51:19,4,Tuesday,April,2023,KPK,Swat,Cantt,"Plot 89, Cantt",Cantt PS,35.213125,72.450915,Cattle Theft,Property,Not Used,Female,22,Unknown,,,Pending
PK-000329,FIR-0014/2023,2023-04-05 21:34:13,2023-04-05,21:34:13,21,Wednesday,April,2023,Punjab,Lahore,Gulberg,Gulberg Service Road,Gulberg PS,31.515047,74.354025,Theft,Property,Not Used,Male,50,Unknown,,,Pending
PK-000330,FIR-0029/2023,2023-04-06 22:45:02,2023-04-06,22:45:02,22,Thursday,April,2023,Punjab,Lahore,Shadman,"House #292, Shadman",Shadman PS,31.546112,74.328332,Burglary,Property,Not Used,Male,57,Male,32.0,2.0,Under Investigation
PK-000331,FIR-0073/2023,2023-04-07 20:31:34,2023-04-07,20:31:34,20,Friday,April,2023,Balochistan,Gwadar,University Town,University Town Park area,University Town PS,25.108767,62.314997,Theft,Property,Not Used,Male,50,Male,38.0,1.0,Pending
PK-000332,FIR-0027/2023,2023-04-09 11:11:14,2023-04-09,11:11:14,11,Sunday,April,2023,Sindh,Karachi,Gulshan-e-Iqbal,"House #672, Gulshan-e-Iqbal",Gulshan-e-Iqbal PS,24.927149,67.081435,Hurt / Assault,Violent,Knife,Female,46,Male,36.0,1.0,Arrested
PK-000333,FIR-0090/2023,2023-04-15 13:40:11,2023-04-15,13:40:11,13,Saturday,April,2023,Punjab,Khanewal,Industrial Area,Near Industrial Area Chowk,Industrial Area PS,30.311677,71.947508,Burglary,Property,Not Used,Male,10,Male,28.0,1.0,Pending
PK-000334,FIR-0027/2023,2023-04-17 05:20:56,2023-04-17,05:20:56,5,Monday,April,2023,Punjab,Lahore,Gulberg,"Sector C, Gulberg",Gulberg PS,31.519633,74.364454,Motor Vehicle Theft,Property,Not Used,Female,30,Unknown,,,Pending
PK-000335,FIR-0056/2023,2023-04-18 16:28:34,2023-04-18,16:28:34,16,Tuesday,April,2023,Punjab,Rawalpindi,Mall Road,"Plot 14, Mall Road",Mall Road PS,33.547251,73.035648,Theft,Property,Not Used,Male,55,Male,35.0,2.0,Under Investigation
PK-000336,FIR-0061/2023,2023-04-20 02:28:53,2023-04-20,02:28:53,2,Thursday,April,2023,Punjab,Multan,Multan Cantt,Multan Cantt Bus Stop,Cantt PS,30.201154,71.44287,Theft,Property,Not Used,Male,41,Male,32.0,2.0,Pending
PK-000337,FIR-0077/2023,2023-04-20 19:50:11,2023-04-20,19:50:11,19,Thursday,April,2023,KPK,Mardan,City Center,"Plot 7, City Center",City Center PS,34.183601,72.021163,Murder,Violent,Knife,Female,17,Male,23.0,3.0,Under Investigation
PK-000338,FIR-0107/2023,2023-04-21 04:55:37,2023-04-21,04:55:37,4,Friday,April,2023,Punjab,Faisalabad,Airport Road,Airport Road Bus Stop,Airport Road PS,31.459071,73.110275,Motor Vehicle Theft,Property,Not Used,Male,34,Unknown,,,Pending
PK-000339,FIR-0038/2023,2023-04-21 15:45:06,2023-04-21,15:45:06,15,Friday,April,2023,Punjab,Multan,Bahawalpur Road,Near Bahawalpur Road Chowk,Mumtazabad PS,30.177053,71.469064,Motor Vehicle Theft,Property,Not Used,Male,28,Unknown,,,Pending
PK-000340,FIR-0013/2023,2023-04-22 20:10:51,2023-04-22,20:10:51,20,Saturday,April,2023,Punjab,Lahore,Shadman,"Sector C, Shadman",Shadman PS,31.530128,74.331038,Cattle Theft,Property,Not Used,Male,43,Male,14.0,2.0,Pending
PK-000341,FIR-0130/2023,2023-04-25 21:18:07,2023-04-25,21:18:07,21,Tuesday,April,2023,KPK,Peshawar,Model Town,Model Town Service Road,Model Town PS,34.004409,71.50472,Burglary,Property,Not Used,Female,32,Male,14.0,1.0,Under Investigation
PK-000342,FIR-0032/2023,2023-04-25 23:57:04,2023-04-25,23:57:04,23,Tuesday,April,2023,Punjab,Multan,Old City,Old City Market,City PS,30.205155,71.473118,Drug Possession,Drug,Not Used,Female,32,Male,19.0,3.0,Released on Bail
PK-000343,FIR-0103/2023,2023-04-26 21:08:39,2023-04-26,21:08:39,21,Wednesday,April,2023,KPK,Peshawar,Model Town,"Plot 237, Model Town",Model Town PS,34.024735,71.507783,Motor Vehicle Theft,Property,Not Used,Male,42,Unknown,,,Under Investigation
PK-000344,FIR-0034/2023,2023-04-29 20:16:20,2023-04-29,20:16:20,20,Saturday,April,2023,Punjab,Lahore,Model Town,Model Town Park area,Model Town PS,31.478367,74.318332,Theft,Property,Not Used,Male,13,Unknown,,,Pending
PK-000345,FIR-0091/2023,2023-05-02 09:33:34,2023-05-02,09:33:34,9,Tuesday,May,2023,Punjab,Bahawalpur,Mall Road,Near Mall Road Chowk,Mall Road PS,29.387975,71.679917,Murder,Violent,Firearm,Male,38,Female,35.0,1.0,Released on Bail
PK-000346,FIR-0002/2023,2023-05-02 13:03:15,2023-05-02,13:03:15,13,Tuesday,May,2023,Punjab,Multan,Chungi No. 14,Near Chungi No. 14 Chowk,New Multan PS,30.2152,71.465905,Rape,Violent,Not Used,Female,20,Male,27.0,2.0,Under Investigation
PK-000347,FIR-0016/2023,2023-05-03 09:30:23,2023-05-03,09:30:23,9,Wednesday,May,2023,Punjab,Multan,Chowk Kumharanwala,"House #691, Chowk Kumharanwala",City PS,30.194947,71.476285,Hurt / Assault,Violent,Firearm,Male,34,Male,28.0,1.0,Released on Bail
PK-000348,FIR-0083/2023,2023-05-03 19:52:17,2023-05-03,19:52:17,19,Wednesday,May,2023,Punjab,Multan,Chungi No. 9,Street near Chungi No. 9 Mosque,New Multan PS,30.208269,71.46655,Burglary,Property,Not Used,Female,47,Unknown,,,Under Investigation
PK-000349,FIR-0083/2023,2023-05-04 07:05:38,2023-05-04,07:05:38,7,Thursday,May,2023,Punjab,Rawalpindi,Cantt,Cantt Service Road,Cantt PS,33.572095,72.967487,Hurt / Assault,Violent,Firearm,Male,49,Male,24.0,1.0,Arrested
PK-000350,FIR-0011/2023,2023-05-04 20:23:46,2023-05-04,20:23:46,20,Thursday,May,2023,Punjab,Lahore,Gulberg,"Block 2, Gulberg",Gulberg PS,31.517108,74.35957,Burglary,Property,Not Used,Male,23,Male,28.0,3.0,Pending
PK-000351,FIR-0043/2023,2023-05-09 13:38:07,2023-05-09,13:38:07,13,Tuesday,May,2023,Punjab,Multan,Chungi No. 14,"House #493, Chungi No. 14",New Multan PS,30.219936,71.470671,Burglary,Property,Not Used,Male,15,Male,41.0,1.0,Pending
PK-000352,FIR-0025/2023,2023-05-11 19:42:03,2023-05-11,19:42:03,19,Thursday,May,2023,Punjab,Lahore,Township,Near Township Petrol Pump,Township PS,31.450216,74.295791,Cattle Theft,Property,Not Used,Male,51,Male,25.0,1.0,Released on Bail
PK-000353,FIR-0001/2023,2023-05-12 15:23:08,2023-05-12,15:23:08,15,Friday,May,2023,Punjab,Lahore,Township,"Plot 72, Township",Township PS,31.449931,74.301551,Cybercrime / Fraud,Cyber,Not Used,Female,28,Male,39.0,2.0,Pending
PK-000354,FIR-0020/2023,2023-05-12 17:02:26,2023-05-12,17:02:26,17,Friday,May,2023,Punjab,Sargodha,University Town,"Sector C, University Town",University Town PS,32.058181,72.663528,Cybercrime / Fraud,Cyber,Not Used,Male,47,Male,28.0,2.0,Pending
PK-000355,FIR-0022/2023,2023-05-12 20:49:41,2023-05-12,20:49:41,20,Friday,May,2023,Sindh,Karachi,DHA Karachi,DHA Karachi Park area,DHA Karachi PS,24.803565,67.050542,Drug Possession,Drug,Not Used,Male,23,Male,29.0,1.0,Under Investigation
PK-000356,FIR-0014/2023,2023-05-14 03:38:53,2023-05-14,03:38:53,3,Sunday,May,2023,Sindh,Karachi,DHA Karachi,DHA Karachi Park area,DHA Karachi PS,24.802791,67.050481,Hurt / Assault,Violent,Firearm,Female,26,Male,39.0,1.0,Under Investigation
PK-000357,FIR-0031/2023,2023-05-15 10:31:17,2023-05-15,10:31:17,10,Monday,May,2023,Punjab,Lahore,Shadman,Shadman Bus Stop,Shadman PS,31.536343,74.335137,Kidnapping / Abduction,Violent,Firearm,Male,37,Male,33.0,5.0,Under Investigation
PK-000358,FIR-0027/2023,2023-05-16 18:56:34,2023-05-16,18:56:34,18,Tuesday,May,2023,Punjab,Lahore,Iqbal Town,Iqbal Town Market,Iqbal Town PS,31.499619,74.289989,Attempted Murder,Violent,Knife,Male,56,Male,21.0,2.0,Arrested
PK-000359,FIR-0036/2023,2023-05-16 19:48:39,2023-05-16,19:48:39,19,Tuesday,May,2023,Punjab,Lahore,Walled City,"House #355, Walled City",Walled City PS,31.584364,74.316345,Theft,Property,Not Used,Male,47,Male,30.0,1.0,Pending
PK-000360,FIR-0016/2023,2023-05-18 07:10:18,2023-05-18,07:10:18,7,Thursday,May,2023,KPK,Mardan,Model Town,Street near Model Town Mosque,Model Town PS,34.194672,72.038032,Hurt / Assault,Violent,Firearm,Male,39,Unknown,,,Pending
PK-000361,FIR-0009/2023,2023-05-18 19:41:44,2023-05-18,19:41:44,19,Thursday,May,2023,Sindh,Karachi,Gulshan-e-Iqbal,Gulshan-e-Iqbal Park area,Gulshan-e-Iqbal PS,24.929752,67.108467,Burglary,Property,Not Used,Male,48,Unknown,,,Under Investigation
PK-000362,FIR-0032/2023,2023-05-19 02:19:51,2023-05-19,02:19:51,2,Friday,May,2023,Sindh,Karachi,Korangi,Street near Korangi Mosque,Korangi PS,24.84252,67.162786,Hurt / Assault,Violent,Blunt Object,Male,55,Male,32.0,1.0,Under Investigation
PK-000363,FIR-0022/2023,2023-05-19 15:14:43,2023-05-19,15:14:43,15,Friday,May,2023,Sindh,Karachi,Korangi,Korangi Market,Korangi PS,24.846796,67.144649,Theft,Property,Not Used,Male,49,Unknown,,,Pending
PK-000364,FIR-0041/2023,2023-05-21 23:27:42,2023-05-21,23:27:42,23,Sunday,May,2023,Punjab,Rawalpindi,Airport Road,Airport Road Bus Stop,Airport Road PS,33.576863,72.990687,Burglary,Property,Not Used,Male,34,Male,25.0,1.0,Under Investigation
PK-000365,FIR-0004/2023,2023-05-22 09:02:28,2023-05-22,09:02:28,9,Monday,May,2023,Punjab,Rawalpindi,Airport Road,Airport Road Service Road,Airport Road PS,33.57472,73.021378,Drug Possession,Drug,Not Used,Male,23,Female,31.0,2.0,Arrested
PK-000366,FIR-0035/2023,2023-05-22 17:10:55,2023-05-22,17:10:55,17,Monday,May,2023,Punjab,Multan,Chowk Kumharanwala,"Sector B, Chowk Kumharanwala",City PS,30.20398,71.475681,Theft,Property,Not Used,Male,21,Male,19.0,1.0,Pending
PK-000367,FIR-0034/2023,2023-05-24 02:09:06,2023-05-24,02:09:06,2,Wednesday,May,2023,Sindh,Karachi,Gulshan-e-Iqbal,"Block 9, Gulshan-e-Iqbal",Gulshan-e-Iqbal PS,24.921343,67.101615,Drug Possession,Drug,Not Used,Female,23,Male,25.0,1.0,Arrested
PK-000368,FIR-0096/2023,2023-05-24 16:12:36,2023-05-24,16:12:36,16,Wednesday,May,2023,Sindh,Hyderabad,University Town,"Sector E, University Town",University Town PS,25.436584,68.304675,Robbery,Property,Not Used,Female,28,Male,27.0,2.0,Pending
PK-000369,FIR-0056/2023,2023-05-24 23:57:23,2023-05-24,23:57:23,23,Wednesday,May,2023,Punjab,Multan,New Multan,"House #879, New Multan",New Multan PS,30.22942,71.472878,Motor Vehicle Theft,Property,Not Used,Male,25,Unknown,,,Under Investigation
PK-000370,FIR-0073/2023,2023-05-28 15:22:42,2023-05-28,15:22:42,15,Sunday,May,2023,Sindh,Karachi,Saddar,"Sector B, Saddar",Saddar PS,24.853319,67.029026,Kidnapping / Abduction,Violent,Not Used,Male,44,Male,39.0,2.0,Pending
PK-000371,FIR-0013/2023,2023-05-29 18:06:48,2023-05-29,18:06:48,18,Monday,May,2023,Punjab,Lahore,DHA Lahore,Main DHA Lahore Bazaar,DHA Lahore PS,31.478389,74.411639,Motor Vehicle Theft,Property,Not Used,Male,26,Male,19.0,1.0,Arrested
PK-000372,FIR-0019/2023,2023-05-29 23:52:34,2023-05-29,23:52:34,23,Monday,May,2023,Punjab,Lahore,Gulberg,Near Gulberg Petrol Pump,Gulberg PS,31.52213,74.35805,Hurt / Assault,Violent,Firearm,Male,47,Male,34.0,1.0,Pending
PK-000373,FIR-0059/2023,2023-05-30 13:31:12,2023-05-30,13:31:12,13,Tuesday,May,2023,KPK,Swat,Saddar,Saddar Park area,Saddar PS,35.205244,72.407397,Cybercrime / Fraud,Cyber,Not Used,Male,14,Unknown,,,Pending
PK-000374,FIR-0118/2023,2023-06-02 15:13:21,2023-06-02,15:13:21,15,Friday,June,2023,Punjab,Sialkot,Cantt,Near Cantt Chowk,Cantt PS,32.541594,74.511196,Drug Possession,Drug,Not Used,Male,37,Male,20.0,1.0,Arrested
PK-000375,FIR-0083/2023,2023-06-03 17:25:53,2023-06-03,17:25:53,17,Saturday,June,2023,Punjab,Gujranwala,City Center,"Block 12, City Center",City Center PS,32.173935,74.196112,Theft,Property,Not Used,Male,23,Male,40.0,1.0,Released on Bail
PK-000376,FIR-0080/2023,2023-06-05 05:30:25,2023-06-05,05:30:25,5,Monday,June,2023,Punjab,Faisalabad,Old City,Old City Bus Stop,Old City PS,31.476687,73.143056,Hurt / Assault,Violent,Firearm,Male,42,Unknown,,,Pending
PK-000377,FIR-0065/2023,2023-06-05 15:43:51,2023-06-05,15:43:51,15,Monday,June,2023,Punjab,Faisalabad,Model Town,Main Model Town Bazaar,Model Town PS,31.459729,73.149565,Drug Possession,Drug,Not Used,Male,33,Male,35.0,1.0,Arrested
PK-000378,FIR-0048/2023,2023-06-10 22:01:41,2023-06-10,22:01:41,22,Saturday,June,2023,Sindh,Karachi,Korangi,"Sector C, Korangi",Korangi PS,24.846623,67.150641,Motor Vehicle Theft,Property,Not Used,Male,15,Male,27.0,1.0,Arrested
PK-000379,FIR-0079/2023,2023-06-11 01:13:56,2023-06-11,01:13:56,1,Sunday,June,2023,Balochistan,Quetta,Civil Lines,Near Civil Lines Petrol Pump,Civil Lines PS,30.155213,66.957694,Burglary,Property,Not Used,Male,48,Male,29.0,1.0,Under Investigation
PK-000380,FIR-0040/2023,2023-06-12 13:46:10,2023-06-12,13:46:10,13,Monday,June,2023,Punjab,Multan,Shujabad Road,"Block 8, Shujabad Road",Mumtazabad PS,30.14114,71.487372,Kidnapping / Abduction,Violent,Firearm,Female,38,Male,14.0,2.0,Arrested
PK-000381,FIR-0018/2023,2023-06-12 18:55:11,2023-06-12,18:55:11,18,Monday,June,2023,Punjab,Multan,Shah Shams Colony,Shah Shams Colony Market,Shah Shams PS,30.195162,71.472014,Hurt / Assault,Violent,Not Used,Male,14,Male,25.0,1.0,Under Investigation
PK-000382,FIR-0022/2023,2023-06-13 20:36:29,2023-06-13,20:36:29,20,Tuesday,June,2023,Punjab,Rawalpindi,Model Town,Near Model Town Petrol Pump,Model Town PS,33.589969,73.001312,Theft,Property,Not Used,Male,25,Male,25.0,1.0,Under Investigation
PK-000383,FIR-0030/2023,2023-06-13 20:45:34,2023-06-13,20:45:34,20,Tuesday,June,2023,Punjab,Multan,Shah Shams Colony,Shah Shams Colony Bus Stop,Shah Shams PS,30.194793,71.489087,Robbery,Property,Firearm,Female,52,Unknown,,,Pending
PK-000384,FIR-0003/2023,2023-06-16 23:48:06,2023-06-16,23:48:06,23,Friday,June,2023,Punjab,Multan,Shah Shams Colony,Shah Shams Colony Market,Shah Shams PS,30.188272,71.476978,Burglary,Property,Not Used,Female,47,Unknown,,,Pending
PK-000385,FIR-0057/2023,2023-06-17 23:15:39,2023-06-17,23:15:39,23,Saturday,June,2023,Punjab,Faisalabad,Model Town,Main Model Town Bazaar,Model Town PS,31.449508,73.12088,Motor Vehicle Theft,Property,Not Used,Male,51,Unknown,,,Under Investigation
PK-000386,FIR-0027/2023,2023-06-18 15:28:12,2023-06-18,15:28:12,15,Sunday,June,2023,KPK,Peshawar,Old City,"Sector E, Old City",Old City PS,34.056013,71.535507,Theft,Property,Not Used,Male,39,Unknown,,,Pending
PK-000387,FIR-0008/2023,2023-06-19 00:07:33,2023-06-19,00:07:33,0,Monday,June,2023,Punjab,Bahawalpur,Old City,Old City Park area,Old City PS,29.41309,71.670605,Theft,Property,Not Used,Male,18,Unknown,,,Pending
PK-000388,FIR-0065/2023,2023-06-21 22:17:00,2023-06-21,22:17:00,22,Wednesday,June,2023,Balochistan,Turbat,Industrial Area,"House #915, Industrial Area",Industrial Area PS,26.020932,63.019201,Hurt / Assault,Violent,Blunt Object,Male,20,Male,15.0,1.0,Arrested
PK-000389,FIR-0120/2023,2023-06-21 23:19:20,2023-06-21,23:19:20,23,Wednesday,June,2023,Punjab,Rawalpindi,Saddar,Street near Saddar Mosque,Saddar PS,33.572693,73.024999,Burglary,Property,Not Used,Male,55,Unknown,,,Pending
PK-000390,FIR-0161/2023,2023-06-25 22:06:01,2023-06-25,22:06:01,22,Sunday,June,2023,Punjab,Lahore,Cantt,Cantt Market,Cantt PS,31.527806,74.420267,Burglary,Property,Not Used,Male,27,Male,24.0,1.0,Arrested
PK-000391,FIR-0003/2023,2023-06-26 21:48:25,2023-06-26,21:48:25,21,Monday,June,2023,Punjab,Sialkot,Airport Road,Near Airport Road Chowk,Airport Road PS,32.513931,74.535808,Motor Vehicle Theft,Property,Not Used,Male,54,Male,20.0,1.0,Under Investigation
PK-000392,FIR-0018/2023,2023-06-26 22:45:23,2023-06-26,22:45:23,22,Monday,June,2023,ICT,Islamabad,University Town,Main University Town Bazaar,University Town PS,33.639992,73.023941,Murder,Violent,Blunt Object,Male,47,Male,30.0,3.0,Released on Bail
PK-000393,FIR-0045/2023,2023-06-28 01:29:37,2023-06-28,01:29:37,1,Wednesday,June,2023,Punjab,Sargodha,City Center,City Center Market,City Center PS,32.080976,72.66248,Theft,Property,Not Used,Female,25,Unknown,,,Pending
PK-000394,FIR-0037/2023,2023-06-30 12:55:35,2023-06-30,12:55:35,12,Friday,June,2023,Punjab,Multan,Basti Malook,Basti Malook Market,Sadar PS,30.220302,71.41966,Cybercrime / Fraud,Cyber,Not Used,Male,39,Unknown,,,Pending
PK-000395,FIR-0045/2023,2023-06-30 20:18:13,2023-06-30,20:18:13,20,Friday,June,2023,Punjab,Multan,Model Town,Street near Model Town Mosque,Gulgasht PS,30.240542,71.505518,Kidnapping / Abduction,Violent,Not Used,Female,5,Female,25.0,3.0,Arrested
PK-000396,FIR-0193/2023,2023-07-01 09:37:50,2023-07-01,09:37:50,9,Saturday,July,2023,Punjab,Bahawalpur,Cantt,Cantt Market,Cantt PS,29.41795,71.686962,Cybercrime / Fraud,Cyber,Not Used,Male,48,Female,43.0,1.0,Pending
PK-000397,FIR-0045/2023,2023-07-01 10:08:21,2023-07-01,10:08:21,10,Saturday,July,2023,Punjab,Multan,Old City,Near Old City Petrol Pump,City PS,30.205174,71.465448,Theft,Property,Not Used,Male,52,Unknown,,,Under Investigation
PK-000398,FIR-0008/2023,2023-07-02 00:46:40,2023-07-02,00:46:40,0,Sunday,July,2023,Punjab,Multan,Shalimar Colony,Shalimar Colony Market,Bosan Road PS,30.231804,71.493662,Motor Vehicle Theft,Property,Not Used,Female,37,Unknown,,,Pending
PK-000399,FIR-0042/2023,2023-07-04 18:28:21,2023-07-04,18:28:21,18,Tuesday,July,2023,Sindh,Hyderabad,Old City,Old City Bus Stop,Old City PS,25.380044,68.410306,Theft,Property,Not Used,Male,32,Male,38.0,1.0,Arrested
PK-000400,FIR-0020/2023,2023-07-06 17:19:39,2023-07-06,17:19:39,17,Thursday,July,2023,Sindh,Karachi,Lyari,"Block 2, Lyari",Lyari PS,24.877953,67.00712,Motor Vehicle Theft,Property,Not Used,Male,16,Unknown,,,Pending
PK-000401,FIR-0096/2023,2023-07-07 23:30:34,2023-07-07,23:30:34,23,Friday,July,2023,Sindh,Sukkur,Saddar,"House #946, Saddar",Saddar PS,27.70016,68.866224,Burglary,Property,Not Used,Female,30,Unknown,,,Pending
PK-000402,FIR-0026/2023,2023-07-08 17:38:17,2023-07-08,17:38:17,17,Saturday,July,2023,Punjab,Multan,Chungi No. 9,"Block 2, Chungi No. 9",New Multan PS,30.210916,71.467704,Domestic Violence,Violent,Not Used,Male,36,Unknown,,,Pending
PK-000403,FIR-0063/2023,2023-07-09 18:30:36,2023-07-09,18:30:36,18,Sunday,July,2023,KPK,Peshawar,University Town,"Sector A, University Town",University Town PS,33.996012,71.500999,Attempted Murder,Violent,Firearm,Male,35,Female,28.0,1.0,Arrested
PK-000404,FIR-0036/2023,2023-07-10 17:36:07,2023-07-10,17:36:07,17,Monday,July,2023,Punjab,Lahore,Gulberg,Gulberg Service Road,Gulberg PS,31.52221,74.361608,Theft,Property,Not Used,Female,62,Unknown,,,Under Investigation
PK-000405,FIR-0028/2023,2023-07-14 23:49:02,2023-07-14,23:49:02,23,Friday,July,2023,Sindh,Karachi,Gulshan-e-Iqbal,Gulshan-e-Iqbal Bus Stop,Gulshan-e-Iqbal PS,24.927582,67.088692,Burglary,Property,Not Used,Female,49,Male,35.0,1.0,Under Investigation
PK-000406,FIR-0070/2023,2023-07-15 15:45:59,2023-07-15,15:45:59,15,Saturday,July,2023,Punjab,Multan,Old City,Old City Bus Stop,City PS,30.195648,71.468496,Hurt / Assault,Violent,Firearm,Female,12,Male,39.0,1.0,Arrested
PK-000407,FIR-0098/2023,2023-07-16 13:52:42,2023-07-16,13:52:42,13,Sunday,July,2023,Punjab,Rawalpindi,Mall Road,"Plot 163, Mall Road",Mall Road PS,33.56103,73.022473,Robbery,Property,Firearm,Male,30,Male,21.0,2.0,Pending
PK-000408,FIR-0148/2023,2023-07-18 12:41:56,2023-07-18,12:41:56,12,Tuesday,July,2023,Punjab,Faisalabad,Saddar,Street near Saddar Mosque,Saddar PS,31.417324,73.134783,Rape,Violent,Not Used,Female,44,Unknown,,,Under Investigation
PK-000409,FIR-0010/2023,2023-07-18 21:21:20,2023-07-18,21:21:20,21,Tuesday,July,2023,Sindh,Karachi,North Nazimabad,North Nazimabad Service Road,North Nazimabad PS,24.950572,67.042233,Theft,Property,Not Used,Male,5,Male,19.0,1.0,Arrested
PK-000410,FIR-0005/2023,2023-07-20 12:31:08,2023-07-20,12:31:08,12,Thursday,July,2023,Balochistan,Quetta,Mall Road,"Sector C, Mall Road",Mall Road PS,30.203802,66.965162,Theft,Property,Not Used,Male,8,Male,32.0,1.0,Under Investigation
PK-000411,FIR-0001/2023,2023-07-20 19:54:26,2023-07-20,19:54:26,19,Thursday,July,2023,Punjab,Lahore,Iqbal Town,Iqbal Town Market,Iqbal Town PS,31.505104,74.285415,Drug Possession,Drug,Not Used,Female,49,Male,16.0,1.0,Arrested
PK-000412,FIR-0005/2023,2023-07-21 13:48:35,2023-07-21,13:48:35,13,Friday,July,2023,Sindh,Karachi,DHA Karachi,Near DHA Karachi Chowk,DHA Karachi PS,24.797361,67.044828,Theft,Property,Not Used,Female,45,Unknown,,,Pending
PK-000413,FIR-0006/2023,2023-07-24 23:15:59,2023-07-24,23:15:59,23,Monday,July,2023,Sindh,Karachi,Gulshan-e-Iqbal,Main Gulshan-e-Iqbal Bazaar,Gulshan-e-Iqbal PS,24.922751,67.095059,Theft,Property,Not Used,Male,43,Male,28.0,1.0,Under Investigation
PK-000414,FIR-0069/2023,2023-07-25 15:44:48,2023-07-25,15:44:48,15,Tuesday,July,2023,Punjab,Multan,Basti Malook,Basti Malook Park area,Sadar PS,30.214946,71.42188,Burglary,Property,Not Used,Male,29,Male,31.0,1.0,Under Investigation
PK-000415,FIR-0020/2023,2023-07-25 21:09:07,2023-07-25,21:09:07,21,Tuesday,July,2023,Punjab,Multan,Qasim Bela,"Plot 134, Qasim Bela",Sadar PS,30.171176,71.480077,Theft,Property,Not Used,Male,31,Male,31.0,1.0,Pending
PK-000416,FIR-0124/2023,2023-07-25 22:44:40,2023-07-25,22:44:40,22,Tuesday,July,2023,Sindh,Hyderabad,Saddar,Near Saddar Chowk,Saddar PS,25.396214,68.376818,Robbery,Property,Firearm,Male,53,Male,26.0,5.0,Arrested
PK-000417,FIR-0015/2023,2023-07-26 20:30:38,2023-07-26,20:30:38,20,Wednesday,July,2023,Punjab,Lahore,Township,"Plot 336, Township",Township PS,31.448417,74.307605,Drug Possession,Drug,Not Used,Male,40,Male,42.0,1.0,Arrested
PK-000418,FIR-0053/2023,2023-07-26 20:57:11,2023-07-26,20:57:11,20,Wednesday,July,2023,KPK,Mardan,University Town,"Plot 209, University Town",University Town PS,34.221045,72.012816,Robbery,Property,Firearm,Male,48,Unknown,,,Pending
PK-000419,FIR-0051/2023,2023-07-27 20:24:20,2023-07-27,20:24:20,20,Thursday,July,2023,Punjab,Rawalpindi,University Town,Near University Town Chowk,University Town PS,33.542674,73.034663,Hurt / Assault,Violent,Firearm,Male,47,Unknown,,,Under Investigation
PK-000420,FIR-0011/2023,2023-07-28 23:43:41,2023-07-28,23:43:41,23,Friday,July,2023,Punjab,Multan,Shah Rukn-e-Alam Colony,Shah Rukn-e-Alam Colony Service Road,Shah Rukn-e-Alam PS,30.231094,71.486083,Motor Vehicle Theft,Property,Not Used,Male,26,Male,31.0,1.0,Under Investigation
PK-000421,FIR-0038/2023,2023-07-31 18:57:45,2023-07-31,18:57:45,18,Monday,July,2023,KPK,Mardan,Mall Road,Mall Road Bus Stop,Mall Road PS,34.189796,72.017925,Robbery,Property,Knife,Male,28,Male,28.0,2.0,Arrested
PK-000422,FIR-0110/2023,2023-07-31 19:58:58,2023-07-31,19:58:58,19,Monday,July,2023,Punjab,Sialkot,Civil Lines,Civil Lines Service Road,Civil Lines PS,32.46221,74.533888,Hurt / Assault,Violent,Knife,Male,24,Male,19.0,1.0,Released on Bail
PK-000423,FIR-0050/2023,2023-08-02 20:50:42,2023-08-02,20:50:42,20,Wednesday,August,2023,Punjab,Lahore,Cantt,Near Cantt Petrol Pump,Cantt PS,31.533766,74.417945,Robbery,Property,Knife,Male,26,Unknown,,,Pending
PK-000424,FIR-0071/2023,2023-08-03 01:52:07,2023-08-03,01:52:07,1,Thursday,August,2023,Punjab,Rawalpindi,Civil Lines,Civil Lines Bus Stop,Civil Lines PS,33.582488,72.982024,Cybercrime / Fraud,Cyber,Not Used,Female,56,Male,21.0,1.0,Under Investigation
PK-000425,FIR-0005/2023,2023-08-03 06:03:47,2023-08-03,06:03:47,6,Thursday,August,2023,Sindh,Sukkur,Industrial Area,Main Industrial Area Bazaar,Industrial Area PS,27.704308,68.851823,Cattle Theft,Property,Not Used,Male,38,Male,25.0,1.0,Released on Bail
PK-000426,FIR-0170/2023,2023-08-03 12:59:00,2023-08-03,12:59:00,12,Thursday,August,2023,KPK,Abbottabad,Cantt,"Block 4, Cantt",Cantt PS,34.106768,73.214261,Drug Possession,Drug,Not Used,Female,35,Male,30.0,1.0,Released on Bail
PK-000427,FIR-0154/2023,2023-08-03 23:49:37,2023-08-03,23:49:37,23,Thursday,August,2023,Sindh,Sukkur,Saddar,Saddar Market,Saddar PS,27.703345,68.816708,Dacoity,Violent,Knife,Female,35,Unknown,,,Pending
PK-000428,FIR-0069/2023,2023-08-04 12:49:19,2023-08-04,12:49:19,12,Friday,August,2023,Punjab,Gujranwala,Model Town,"Sector E, Model Town",Model Town PS,32.216312,74.189769,Hurt / Assault,Violent,Blunt Object,Female,37,Unknown,,,Under Investigation
PK-000429,FIR-0051/2023,2023-08-05 22:23:47,2023-08-05,22:23:47,22,Saturday,August,2023,Punjab,Faisalabad,Industrial Area,"House #15, Industrial Area",Industrial Area PS,31.429839,73.14504,Theft,Property,Not Used,Female,11,Male,25.0,1.0,Pending
PK-000430,FIR-0019/2023,2023-08-06 21:18:00,2023-08-06,21:18:00,21,Sunday,August,2023,Punjab,Multan,Chungi No. 9,Near Chungi No. 9 Chowk,New Multan PS,30.218977,71.470209,Rape,Violent,Knife,Male,39,Unknown,,,Pending
PK-000431,FIR-0148/2023,2023-08-06 23:58:08,2023-08-06,23:58:08,23,Sunday,August,2023,Punjab,Faisalabad,Cantt,Near Cantt Chowk,Cantt PS,31.456283,73.150465,Drug Possession,Drug,Not Used,Male,32,Male,24.0,1.0,Arrested
PK-000432,FIR-0019/2023,2023-08-12 21:43:24,2023-08-12,21:43:24,21,Saturday,August,2023,Sindh,Karachi,North Nazimabad,Street near North Nazimabad Mosque,North Nazimabad PS,24.940782,67.048425,Kidnapping / Abduction,Violent,Not Used,Male,38,Male,14.0,3.0,Under Investigation
PK-000433,FIR-0214/2023,2023-08-16 13:46:27,2023-08-16,13:46:27,13,Wednesday,August,2023,Punjab,Lahore,Cantt,Cantt Service Road,Cantt PS,31.531671,74.420076,Cybercrime / Fraud,Cyber,Not Used,Male,43,Male,43.0,1.0,Released on Bail
PK-000434,FIR-0166/2023,2023-08-17 15:59:07,2023-08-17,15:59:07,15,Thursday,August,2023,Punjab,Multan,Northern Bypass,Northern Bypass Park area,Cantt PS,30.26111,71.447829,Kidnapping / Abduction,Violent,Firearm,Male,23,Male,18.0,4.0,Arrested
PK-000435,FIR-0013/2023,2023-08-18 14:48:29,2023-08-18,14:48:29,14,Friday,August,2023,Punjab,Faisalabad,University Town,University Town Service Road,University Town PS,31.434092,73.113675,Hurt / Assault,Violent,Not Used,Male,64,Male,38.0,3.0,Arrested
PK-000436,FIR-0106/2023,2023-08-23 20:08:19,2023-08-23,20:08:19,20,Wednesday,August,2023,KPK,Peshawar,Airport Road,Street near Airport Road Mosque,Airport Road PS,34.035569,71.507238,Domestic Violence,Violent,Not Used,Female,40,Unknown,,,Pending
PK-000437,FIR-0041/2023,2023-08-25 00:05:22,2023-08-25,00:05:22,0,Friday,August,2023,Punjab,Multan,Bosan Road,"Plot 92, Bosan Road",Bosan Road PS,30.252336,71.48753,Theft,Property,Not Used,Male,7,Male,31.0,1.0,Released on Bail
PK-000438,FIR-0050/2023,2023-08-25 20:00:38,2023-08-25,20:00:38,20,Friday,August,2023,Sindh,Larkana,Industrial Area,"Block 7, Industrial Area",Industrial Area PS,27.571146,68.260166,Attempted Murder,Violent,Blunt Object,Female,26,Male,26.0,2.0,Arrested
PK-000439,FIR-0017/2023,2023-08-27 18:40:59,2023-08-27,18:40:59,18,Sunday,August,2023,Punjab,Rawalpindi,Airport Road,"House #56, Airport Road",Airport Road PS,33.568017,73.028606,Theft,Property,Not Used,Male,42,Male,34.0,1.0,Pending
PK-000440,FIR-0099/2023,2023-08-30 00:09:29,2023-08-30,00:09:29,0,Wednesday,August,2023,KPK,Mardan,Airport Road,Street near Airport Road Mosque,Airport Road PS,34.1577,72.00115,Drug Possession,Drug,Not Used,Female,35,Male,23.0,1.0,Under Investigation
PK-000441,FIR-0064/2023,2023-09-05 16:38:48,2023-09-05,16:38:48,16,Tuesday,September,2023,ICT,Islamabad,Industrial Area,Industrial Area Bus Stop,Industrial Area PS,33.715423,73.063289,Theft,Property,Not Used,Female,56,Unknown,,,Pending
PK-000442,FIR-0008/2023,2023-09-11 13:19:27,2023-09-11,13:19:27,13,Monday,September,2023,Punjab,Bahawalpur,Airport Road,Near Airport Road Chowk,Airport Road PS,29.38104,71.679942,Murder,Violent,Strangulation,Male,54,Male,22.0,1.0,Arrested
PK-000443,FIR-0007/2023,2023-09-13 12:40:41,2023-09-13,12:40:41,12,Wednesday,September,2023,Punjab,Multan,Shalimar Colony,Shalimar Colony Bus Stop,Bosan Road PS,30.233142,71.507002,Burglary,Property,Not Used,Male,25,Male,19.0,2.0,Arrested
PK-000444,FIR-0093/2023,2023-09-15 04:29:24,2023-09-15,04:29:24,4,Friday,September,2023,Punjab,Lahore,Model Town,Model Town Market,Model Town PS,31.472747,74.32753,Motor Vehicle Theft,Property,Not Used,Male,63,Male,26.0,1.0,Arrested
PK-000445,FIR-0021/2023,2023-09-19 11:37:16,2023-09-19,11:37:16,11,Tuesday,September,2023,Sindh,Karachi,Clifton,Near Clifton Chowk,Clifton PS,24.814698,67.039145,Theft,Property,Not Used,Female,40,Unknown,,,Under Investigation
PK-000446,FIR-0072/2023,2023-09-21 01:47:45,2023-09-21,01:47:45,1,Thursday,September,2023,Punjab,Multan,Qasim Bela,Qasim Bela Service Road,Sadar PS,30.176431,71.484674,Theft,Property,Not Used,Female,52,Male,17.0,1.0,Pending
PK-000447,FIR-0032/2023,2023-09-21 18:48:46,2023-09-21,18:48:46,18,Thursday,September,2023,Punjab,Multan,Shah Shams Colony,"Block 12, Shah Shams Colony",Shah Shams PS,30.19629,71.476401,Motor Vehicle Theft,Property,Not Used,Female,53,Unknown,,,Pending
PK-000448,FIR-0182/2023,2023-09-23 13:03:18,2023-09-23,13:03:18,13,Saturday,September,2023,Sindh,Karachi,Saddar,Saddar Service Road,Saddar PS,24.85804,67.026883,Theft,Property,Not Used,Male,52,Unknown,,,Under Investigation
PK-000449,FIR-0033/2023,2023-09-24 10:37:45,2023-09-24,10:37:45,10,Sunday,September,2023,Sindh,Karachi,Gulshan-e-Iqbal,Gulshan-e-Iqbal Bus Stop,Gulshan-e-Iqbal PS,24.92544,67.099181,Hurt / Assault,Violent,Blunt Object,Female,44,Male,29.0,2.0,Released on Bail
PK-000450,FIR-0050/2023,2023-09-24 23:14:07,2023-09-24,23:14:07,23,Sunday,September,2023,Punjab,Sialkot,Mall Road,"House #193, Mall Road",Mall Road PS,32.499607,74.505933,Burglary,Property,Not Used,Male,26,Male,28.0,1.0,Pending
PK-000451,FIR-0074/2023,2023-09-27 21:55:02,2023-09-27,21:55:02,21,Wednesday,September,2023,Punjab,Multan,Vehari Road,Near Vehari Road Chowk,Cantt PS,30.176816,71.522617,Burglary,Property,Not Used,Male,26,Unknown,,,Pending
PK-000452,FIR-0009/2023,2023-09-28 12:36:56,2023-09-28,12:36:56,12,Thursday,September,2023,Sindh,Karachi,Malir,Malir Service Road,Malir PS,24.894587,67.204402,Cybercrime / Fraud,Cyber,Not Used,Male,23,Male,19.0,1.0,Arrested
PK-000453,FIR-0037/2023,2023-09-28 21:59:17,2023-09-28,21:59:17,21,Thursday,September,2023,Punjab,Lahore,Iqbal Town,Iqbal Town Service Road,Iqbal Town PS,31.499633,74.287711,Burglary,Property,Not Used,Male,51,Male,16.0,1.0,Pending
PK-000454,FIR-0056/2023,2023-09-30 00:34:37,2023-09-30,00:34:37,0,Saturday,September,2023,Punjab,Khanewal,City Center,"House #663, City Center",City Center PS,30.293092,71.959364,Robbery,Property,Not Used,Female,47,Unknown,,,Pending
PK-000455,FIR-0043/2023,2023-09-30 13:57:51,2023-09-30,13:57:51,13,Saturday,September,2023,Balochistan,Quetta,Cantt,"Sector B, Cantt",Cantt PS,30.180681,66.938285,Motor Vehicle Theft,Property,Not Used,Male,54,Male,29.0,1.0,Under Investigation
PK-000456,FIR-0042/2023,2023-09-30 16:17:57,2023-09-30,16:17:57,16,Saturday,September,2023,Punjab,Multan,Chowk Kumharanwala,Main Chowk Kumharanwala Bazaar,City PS,30.200663,71.465855,Theft,Property,Not Used,Female,37,Male,32.0,1.0,Pending
PK-000457,FIR-0001/2023,2023-10-03 16:57:30,2023-10-03,16:57:30,16,Tuesday,October,2023,Punjab,Lahore,Gulberg,Gulberg Bus Stop,Gulberg PS,31.527177,74.364551,Attempted Murder,Violent,Firearm,Male,36,Male,28.0,1.0,Under Investigation
PK-000458,FIR-0065/2023,2023-10-05 09:39:27,2023-10-05,09:39:27,9,Thursday,October,2023,Punjab,Sahiwal,Mall Road,"Sector A, Mall Road",Mall Road PS,30.677055,73.112238,Theft,Property,Not Used,Female,33,Unknown,,,Pending
PK-000459,FIR-0013/2023,2023-10-06 01:17:29,2023-10-06,01:17:29,1,Friday,October,2023,Sindh,Larkana,Airport Road,"Plot 81, Airport Road",Airport Road PS,27.56656,68.20226,Motor Vehicle Theft,Property,Not Used,Female,19,Male,41.0,1.0,Under Investigation
PK-000460,FIR-0167/2023,2023-10-06 06:43:27,2023-10-06,06:43:27,6,Friday,October,2023,Punjab,Bahawalpur,Saddar,"Block 1, Saddar",Saddar PS,29.378451,71.69853,Murder,Violent,Blunt Object,Male,11,Male,27.0,2.0,Arrested
PK-000461,FIR-0074/2023,2023-10-06 11:10:33,2023-10-06,11:10:33,11,Friday,October,2023,Punjab,Multan,Old City,Near Old City Chowk,City PS,30.20837,71.469489,Hurt / Assault,Violent,Firearm,Male,36,Male,28.0,1.0,Arrested
PK-000462,FIR-0002/2023,2023-10-06 11:25:08,2023-10-06,11:25:08,11,Friday,October,2023,Punjab,Multan,Buch Villas,Buch Villas Park area,Bosan Road PS,30.245468,71.493019,Theft,Property,Not Used,Male,46,Unknown,,,Pending
PK-000463,FIR-0009/2023,2023-10-08 21:17:03,2023-10-08,21:17:03,21,Sunday,October,2023,Sindh,Karachi,Clifton,"House #676, Clifton",Clifton PS,24.818668,67.027382,Cybercrime / Fraud,Cyber,Not Used,Male,32,Male,21.0,2.0,Arrested
PK-000464,FIR-0039/2023,2023-10-11 04:58:52,2023-10-11,04:58:52,4,Wednesday,October,2023,Sindh,Karachi,North Nazimabad,North Nazimabad Market,North Nazimabad PS,24.943571,67.041769,Motor Vehicle Theft,Property,Not Used,Male,59,Male,20.0,1.0,Pending
PK-000465,FIR-0015/2023,2023-10-19 13:28:31,2023-10-19,13:28:31,13,Thursday,October,2023,Sindh,Karachi,Gulshan-e-Iqbal,Near Gulshan-e-Iqbal Petrol Pump,Gulshan-e-Iqbal PS,24.934194,67.102423,Robbery,Property,Knife,Female,46,Male,34.0,2.0,Pending
PK-000466,FIR-0053/2023,2023-10-19 20:21:01,2023-10-19,20:21:01,20,Thursday,October,2023,Punjab,Sahiwal,Mall Road,Mall Road Park area,Mall Road PS,30.664137,73.103328,Hurt / Assault,Violent,Firearm,Female,46,Unknown,,,Under Investigation
PK-000467,FIR-0104/2023,2023-10-22 16:30:24,2023-10-22,16:30:24,16,Sunday,October,2023,Balochistan,Quetta,Civil Lines,Street near Civil Lines Mosque,Civil Lines PS,30.191868,66.954561,Robbery,Property,Firearm,Male,36,Male,18.0,3.0,Pending
PK-000468,FIR-0084/2023,2023-10-25 17:09:19,2023-10-25,17:09:19,17,Wednesday,October,2023,Punjab,Faisalabad,Mall Road,"Block 2, Mall Road",Mall Road PS,31.458777,73.119972,Theft,Property,Not Used,Male,59,Male,29.0,1.0,Pending
PK-000469,FIR-0172/2023,2023-10-26 21:15:52,2023-10-26,21:15:52,21,Thursday,October,2023,KPK,Abbottabad,Saddar,"Plot 27, Saddar",Saddar PS,34.163772,73.223026,Burglary,Property,Not Used,Male,47,Male,38.0,1.0,Under Investigation
PK-000470,FIR-0012/2023,2023-11-01 18:54:05,2023-11-01,18:54:05,18,Wednesday,November,2023,Punjab,Lahore,Model Town,Model Town Bus Stop,Model Town PS,31.484654,74.328255,Theft,Property,Not Used,Female,47,Male,19.0,1.0,Arrested
PK-000471,FIR-0191/2023,2023-11-01 19:28:39,2023-11-01,19:28:39,19,Wednesday,November,2023,Punjab,Multan,Northern Bypass,Northern Bypass Service Road,Cantt PS,30.252549,71.443381,Theft,Property,Not Used,Female,50,Male,39.0,1.0,Arrested
PK-000472,FIR-0021/2023,2023-11-02 14:20:29,2023-11-02,14:20:29,14,Thursday,November,2023,Punjab,Rawalpindi,Old City,"Block 2, Old City",Old City PS,33.520629,73.006539,Hurt / Assault,Violent,Firearm,Male,30,Male,22.0,1.0,Arrested
PK-000473,FIR-0112/2023,2023-11-02 18:31:07,2023-11-02,18:31:07,18,Thursday,November,2023,KPK,Peshawar,Model Town,Main Model Town Bazaar,Model Town PS,34.037726,71.525656,Hurt / Assault,Violent,Not Used,Female,28,Male,14.0,2.0,Arrested
PK-000474,FIR-0039/2023,2023-11-03 01:11:15,2023-11-03,01:11:15,1,Friday,November,2023,Balochistan,Quetta,Old City,Old City Bus Stop,Old City PS,30.175233,66.979631,Motor Vehicle Theft,Property,Not Used,Female,51,Unknown,,,Pending
PK-000475,FIR-0064/2023,2023-11-03 15:56:35,2023-11-03,15:56:35,15,Friday,November,2023,Punjab,Multan,Mumtazabad,Near Mumtazabad Chowk,Mumtazabad PS,30.179609,71.451792,Domestic Violence,Violent,Blunt Object,Male,51,Male,32.0,3.0,Under Investigation
PK-000476,FIR-0069/2023,2023-11-03 21:22:29,2023-11-03,21:22:29,21,Friday,November,2023,Punjab,Sargodha,University Town,University Town Park area,University Town PS,32.096377,72.620109,Attempted Murder,Violent,Blunt Object,Male,23,Male,32.0,1.0,Arrested
PK-000477,FIR-0016/2023,2023-11-04 01:16:11,2023-11-04,01:16:11,1,Saturday,November,2023,Punjab,Lahore,Shadman,Shadman Service Road,Shadman PS,31.543284,74.33618,Burglary,Property,Not Used,Male,47,Male,26.0,1.0,Arrested
PK-000478,FIR-0043/2023,2023-11-05 19:34:13,2023-11-05,19:34:13,19,Sunday,November,2023,ICT,Islamabad,Old City,Street near Old City Mosque,Old City PS,33.67706,72.986249,Robbery,Property,Not Used,Male,40,Male,22.0,1.0,Under Investigation
PK-000479,FIR-0067/2023,2023-11-07 23:52:15,2023-11-07,23:52:15,23,Tuesday,November,2023,Punjab,Multan,Chowk Kumharanwala,Near Chowk Kumharanwala Chowk,City PS,30.190134,71.466729,Theft,Property,Not Used,Male,55,Male,33.0,1.0,Released on Bail
PK-000480,FIR-0023/2023,2023-11-08 11:28:43,2023-11-08,11:28:43,11,Wednesday,November,2023,Punjab,Multan,Khanewal Road,"Sector E, Khanewal Road",Khanewal Bypass PS,30.199645,71.550038,Hurt / Assault,Violent,Knife,Female,70,Male,28.0,1.0,Under Investigation
PK-000481,FIR-0025/2023,2023-11-10 06:02:46,2023-11-10,06:02:46,6,Friday,November,2023,Sindh,Karachi,Gulshan-e-Iqbal,"Block 5, Gulshan-e-Iqbal",Gulshan-e-Iqbal PS,24.92607,67.099698,Drug Possession,Drug,Not Used,Male,37,Unknown,,,Under Investigation
PK-000482,FIR-0085/2023,2023-11-10 09:12:45,2023-11-10,09:12:45,9,Friday,November,2023,Punjab,Faisalabad,Mall Road,"Plot 76, Mall Road",Mall Road PS,31.465713,73.125441,Theft,Property,Not Used,Male,27,Male,19.0,1.0,Under Investigation
PK-000483,FIR-0039/2023,2023-11-10 18:46:09,2023-11-10,18:46:09,18,Friday,November,2023,Sindh,Karachi,Lyari,"Sector E, Lyari",Lyari PS,24.871545,67.022913,Domestic Violence,Violent,Blunt Object,Male,37,Male,31.0,2.0,Pending
PK-000484,FIR-0020/2023,2023-11-10 21:26:59,2023-11-10,21:26:59,21,Friday,November,2023,Punjab,Multan,Shah Shams Colony,Near Shah Shams Colony Chowk,Shah Shams PS,30.198888,71.471939,Theft,Property,Not Used,Male,26,Male,35.0,1.0,Pending
PK-000485,FIR-0002/2023,2023-11-11 01:04:03,2023-11-11,01:04:03,1,Saturday,November,2023,Punjab,Bahawalpur,University Town,University Town Market,University Town PS,29.369994,71.701049,Theft,Property,Not Used,Male,44,Male,27.0,1.0,Arrested
PK-000486,FIR-0061/2023,2023-11-12 10:38:22,2023-11-12,10:38:22,10,Sunday,November,2023,Sindh,Karachi,Korangi,Near Korangi Chowk,Korangi PS,24.841638,67.156434,Theft,Property,Not Used,Male,45,Male,29.0,1.0,Arrested
PK-000487,FIR-0091/2023,2023-11-14 21:08:15,2023-11-14,21:08:15,21,Tuesday,November,2023,Punjab,Gujranwala,Old City,Old City Market,Old City PS,32.176964,74.227672,Motor Vehicle Theft,Property,Not Used,Male,43,Male,29.0,2.0,Pending
PK-000488,FIR-0018/2023,2023-11-14 21:10:32,2023-11-14,21:10:32,21,Tuesday,November,2023,Punjab,Multan,Old City,Old City Service Road,City PS,30.195232,71.459169,Cybercrime / Fraud,Cyber,Not Used,Male,33,Male,45.0,1.0,Pending
PK-000489,FIR-0033/2023,2023-11-15 14:40:17,2023-11-15,14:40:17,14,Wednesday,November,2023,Punjab,Multan,Chungi No. 9,Chungi No. 9 Service Road,New Multan PS,30.223665,71.47548,Theft,Property,Not Used,Female,35,Male,34.0,1.0,Arrested
PK-000490,FIR-0030/2023,2023-11-16 02:37:50,2023-11-16,02:37:50,2,Thursday,November,2023,Punjab,Lahore,Iqbal Town,Iqbal Town Service Road,Iqbal Town PS,31.501073,74.282745,Burglary,Property,Not Used,Male,48,Female,15.0,2.0,Under Investigation
PK-000491,FIR-0046/2023,2023-11-17 01:04:00,2023-11-17,01:04:00,1,Friday,November,2023,Punjab,Rawalpindi,Airport Road,Street near Airport Road Mosque,Airport Road PS,33.54664,73.018778,Theft,Property,Not Used,Male,39,Male,14.0,1.0,Pending
PK-000492,FIR-0011/2023,2023-11-17 13:20:46,2023-11-17,13:20:46,13,Friday,November,2023,Punjab,Multan,Basti Malook,Near Basti Malook Petrol Pump,Sadar PS,30.204233,71.416563,Attempted Murder,Violent,Firearm,Male,9,Male,17.0,2.0,Under Investigation
PK-000493,FIR-0040/2023,2023-11-18 06:11:50,2023-11-18,06:11:50,6,Saturday,November,2023,KPK,Abbottabad,Industrial Area,Industrial Area Service Road,Industrial Area PS,34.156732,73.234744,Robbery,Property,Knife,Female,14,Male,30.0,1.0,Arrested
PK-000494,FIR-0029/2023,2023-11-18 11:50:08,2023-11-18,11:50:08,11,Saturday,November,2023,Punjab,Multan,Mumtazabad,"Block 8, Mumtazabad",Mumtazabad PS,30.179573,71.458145,Attempted Murder,Violent,Knife,Female,13,Male,36.0,1.0,Arrested
PK-000495,FIR-0109/2023,2023-11-19 20:04:35,2023-11-19,20:04:35,20,Sunday,November,2023,Sindh,Sukkur,City Center,Near City Center Petrol Pump,City Center PS,27.71532,68.867811,Robbery,Property,Not Used,Female,43,Unknown,,,Pending
PK-000496,FIR-0051/2023,2023-11-19 22:14:38,2023-11-19,22:14:38,22,Sunday,November,2023,Punjab,Rawalpindi,City Center,City Center Bus Stop,City Center PS,33.567057,73.020387,Dacoity,Violent,Knife,Female,52,Female,31.0,2.0,Pending
PK-000497,FIR-0026/2023,2023-11-20 14:11:26,2023-11-20,14:11:26,14,Monday,November,2023,Punjab,Lahore,Township,Near Township Chowk,Township PS,31.443222,74.304809,Theft,Property,Not Used,Male,15,Male,27.0,1.0,Arrested
PK-000498,FIR-0030/2023,2023-11-24 16:18:48,2023-11-24,16:18:48,16,Friday,November,2023,Punjab,Lahore,Walled City,"Block 9, Walled City",Walled City PS,31.578434,74.318283,Hurt / Assault,Violent,Knife,Male,18,Male,19.0,2.0,Released on Bail
PK-000499,FIR-0071/2023,2023-11-25 20:23:46,2023-11-25,20:23:46,20,Saturday,November,2023,KPK,Peshawar,Old City,"Plot 362, Old City",Old City PS,34.027694,71.523092,Theft,Property,Not Used,Male,36,Unknown,,,Under Investigation
PK-000500,FIR-0055/2023,2023-11-26 14:50:31,2023-11-26,14:50:31,14,Sunday,November,2023,Balochistan,Quetta,University Town,"House #198, University Town",University Town PS,30.193322,66.97069,Drug Possession,Drug,Not Used,Female,42,Male,26.0,1.0,Arrested
PK-000501,FIR-0061/2023,2023-11-27 02:23:08,2023-11-27,02:23:08,2,Monday,November,2023,Punjab,Khanewal,Industrial Area,Street near Industrial Area Mosque,Industrial Area PS,30.357418,71.951636,Theft,Property,Not Used,Male,18,Unknown,,,Pending
PK-000502,FIR-0040/2023,2023-12-01 09:34:59,2023-12-01,09:34:59,9,Friday,December,2023,Punjab,Bahawalpur,Saddar,"House #57, Saddar",Saddar PS,29.345744,71.673617,Cybercrime / Fraud,Cyber,Not Used,Male,51,Unknown,,,Pending
PK-000503,FIR-0008/2023,2023-12-01 15:53:44,2023-12-01,15:53:44,15,Friday,December,2023,Punjab,Multan,Qasim Bela,"House #319, Qasim Bela",Sadar PS,30.171266,71.494102,Burglary,Property,Not Used,Male,34,Male,31.0,1.0,Released on Bail
PK-000504,FIR-0018/2023,2023-12-02 03:51:17,2023-12-02,03:51:17,3,Saturday,December,2023,Punjab,Multan,Wapda Town,Wapda Town Bus Stop,Bosan Road PS,30.248866,71.488211,Rape,Violent,Knife,Male,39,Male,23.0,1.0,Arrested
PK-000505,FIR-0054/2023,2023-12-04 22:29:17,2023-12-04,22:29:17,22,Monday,December,2023,Punjab,Multan,Gulgasht Colony,Near Gulgasht Colony Petrol Pump,Gulgasht PS,30.249735,71.50867,Hurt / Assault,Violent,Not Used,Male,23,Female,23.0,2.0,Under Investigation
PK-000506,FIR-0019/2023,2023-12-07 22:30:08,2023-12-07,22:30:08,22,Thursday,December,2023,Punjab,Lahore,Iqbal Town,Street near Iqbal Town Mosque,Iqbal Town PS,31.508304,74.273575,Burglary,Property,Not Used,Female,30,Male,26.0,1.0,Pending
PK-000507,FIR-0002/2023,2023-12-13 13:14:51,2023-12-13,13:14:51,13,Wednesday,December,2023,Punjab,Lahore,Shadman,Near Shadman Petrol Pump,Shadman PS,31.537596,74.329393,Hurt / Assault,Violent,Not Used,Male,7,Male,35.0,1.0,Arrested
PK-000508,FIR-0016/2023,2023-12-13 14:25:59,2023-12-13,14:25:59,14,Wednesday,December,2023,Punjab,Multan,Gulgasht Colony,"Block 12, Gulgasht Colony",Gulgasht PS,30.246163,71.516008,Drug Possession,Drug,Not Used,Male,63,Male,42.0,2.0,Under Investigation
PK-000509,FIR-0009/2023,2023-12-13 15:40:39,2023-12-13,15:40:39,15,Wednesday,December,2023,Punjab,Lahore,Gulberg,"Plot 187, Gulberg",Gulberg PS,31.510092,74.354699,Drug Possession,Drug,Not Used,Female,35,Male,25.0,1.0,Under Investigation
PK-000510,FIR-0060/2023,2023-12-14 05:09:59,2023-12-14,05:09:59,5,Thursday,December,2023,Punjab,Multan,Gulgasht Colony,Gulgasht Colony Bus Stop,Gulgasht PS,30.250902,71.50556,Theft,Property,Not Used,Female,17,Unknown,,,Pending
PK-000511,FIR-0082/2023,2023-12-14 19:45:04,2023-12-14,19:45:04,19,Thursday,December,2023,Sindh,Hyderabad,Model Town,Model Town Park area,Model Town PS,25.364445,68.342165,Drug Possession,Drug,Not Used,Female,20,Male,22.0,1.0,Arrested
PK-000512,FIR-0002/2023,2023-12-17 10:52:41,2023-12-17,10:52:41,10,Sunday,December,2023,Punjab,Multan,Mumtazabad,Street near Mumtazabad Mosque,Mumtazabad PS,30.180189,71.450512,Cybercrime / Fraud,Cyber,Not Used,Male,50,Unknown,,,Pending
PK-000513,FIR-0049/2023,2023-12-21 01:14:48,2023-12-21,01:14:48,1,Thursday,December,2023,Punjab,Multan,Bahawalpur Road,Bahawalpur Road Market,Mumtazabad PS,30.180715,71.474889,Theft,Property,Not Used,Male,18,Male,28.0,1.0,Released on Bail
PK-000514,FIR-0070/2023,2023-12-23 05:29:42,2023-12-23,05:29:42,5,Saturday,December,2023,Punjab,Gujranwala,Old City,Old City Park area,Old City PS,32.196292,74.185674,Kidnapping / Abduction,Violent,Not Used,Male,48,Unknown,,,Under Investigation
PK-000515,FIR-0024/2023,2023-12-23 19:33:33,2023-12-23,19:33:33,19,Saturday,December,2023,Sindh,Karachi,DHA Karachi,DHA Karachi Service Road,DHA Karachi PS,24.799624,67.039068,Drug Possession,Drug,Not Used,Female,45,Male,19.0,1.0,Arrested
PK-000516,FIR-0059/2023,2023-12-25 17:30:57,2023-12-25,17:30:57,17,Monday,December,2023,Punjab,Faisalabad,Cantt,Cantt Service Road,Cantt PS,31.433534,73.149041,Burglary,Property,Not Used,Male,37,Unknown,,,Under Investigation
PK-000517,FIR-0007/2023,2023-12-27 20:38:27,2023-12-27,20:38:27,20,Wednesday,December,2023,Punjab,Multan,Shah Rukn-e-Alam Colony,Shah Rukn-e-Alam Colony Bus Stop,Shah Rukn-e-Alam PS,30.237694,71.486157,Theft,Property,Not Used,Male,46,Male,16.0,1.0,Released on Bail
PK-000518,FIR-0008/2024,2024-01-01 18:41:24,2024-01-01,18:41:24,18,Monday,January,2024,Sindh,Karachi,North Nazimabad,Near North Nazimabad Chowk,North Nazimabad PS,24.950369,67.050687,Hurt / Assault,Violent,Knife,Female,35,Unknown,,,Pending
PK-000519,FIR-0010/2024,2024-01-02 19:06:05,2024-01-02,19:06:05,19,Tuesday,January,2024,Punjab,Multan,Shah Rukn-e-Alam Colony,Shah Rukn-e-Alam Colony Park area,Shah Rukn-e-Alam PS,30.232006,71.475888,Motor Vehicle Theft,Property,Not Used,Male,19,Unknown,,,Pending
PK-000520,FIR-0078/2024,2024-01-03 18:59:09,2024-01-03,18:59:09,18,Wednesday,January,2024,KPK,Abbottabad,City Center,City Center Market,City Center PS,34.124326,73.225187,Burglary,Property,Not Used,Male,34,Male,40.0,1.0,Pending
PK-000521,FIR-0166/2024,2024-01-04 00:58:23,2024-01-04,00:58:23,0,Thursday,January,2024,KPK,Peshawar,Cantt,Main Cantt Bazaar,Cantt PS,34.022616,71.484294,Theft,Property,Not Used,Male,41,Male,36.0,1.0,Pending
PK-000522,FIR-0008/2024,2024-01-05 18:01:26,2024-01-05,18:01:26,18,Friday,January,2024,Sindh,Karachi,Gulshan-e-Iqbal,Gulshan-e-Iqbal Market,Gulshan-e-Iqbal PS,24.933982,67.090536,Theft,Property,Not Used,Male,34,Male,15.0,2.0,Released on Bail
PK-000523,FIR-0018/2024,2024-01-06 21:33:38,2024-01-06,21:33:38,21,Saturday,January,2024,Punjab,Rawalpindi,University Town,Main University Town Bazaar,University Town PS,33.522621,73.03132,Attempted Murder,Violent,Blunt Object,Male,27,Unknown,,,Under Investigation
PK-000524,FIR-0015/2024,2024-01-07 14:00:18,2024-01-07,14:00:18,14,Sunday,January,2024,Sindh,Karachi,Clifton,"Block 5, Clifton",Clifton PS,24.810843,67.026379,Drug Possession,Drug,Not Used,Female,42,Male,26.0,1.0,Arrested
PK-000525,FIR-0051/2024,2024-01-07 15:06:17,2024-01-07,15:06:17,15,Sunday,January,2024,Punjab,Khanewal,Airport Road,Main Airport Road Bazaar,Airport Road PS,30.32107,71.942416,Theft,Property,Not Used,Female,28,Unknown,,,Under Investigation
PK-000526,FIR-0024/2024,2024-01-09 08:44:58,2024-01-09,08:44:58,8,Tuesday,January,2024,Punjab,Multan,Chowk Kumharanwala,Main Chowk Kumharanwala Bazaar,City PS,30.199907,71.465432,Drug Possession,Drug,Not Used,Female,35,Male,29.0,1.0,Arrested
PK-000527,FIR-0042/2024,2024-01-09 19:56:22,2024-01-09,19:56:22,19,Tuesday,January,2024,KPK,Peshawar,Industrial Area,"Sector D, Industrial Area",Industrial Area PS,34.013668,71.507222,Motor Vehicle Theft,Property,Not Used,Male,37,Male,32.0,2.0,Pending
PK-000528,FIR-0043/2024,2024-01-15 18:15:03,2024-01-15,18:15:03,18,Monday,January,2024,Punjab,Lahore,Iqbal Town,Main Iqbal Town Bazaar,Iqbal Town PS,31.511695,74.275371,Hurt / Assault,Violent,Firearm,Female,5,Male,30.0,1.0,Arrested
PK-000529,FIR-0064/2024,2024-01-16 06:43:18,2024-01-16,06:43:18,6,Tuesday,January,2024,Punjab,Multan,Buch Villas,Buch Villas Bus Stop,Bosan Road PS,30.251609,71.503274,Hurt / Assault,Violent,Knife,Male,49,Male,29.0,1.0,Under Investigation
PK-000530,FIR-0078/2024,2024-01-17 02:51:19,2024-01-17,02:51:19,2,Wednesday,January,2024,Punjab,Bahawalpur,University Town,"Sector A, University Town",University Town PS,29.354426,71.720038,Motor Vehicle Theft,Property,Not Used,Female,22,Male,22.0,2.0,Pending
PK-000531,FIR-0029/2024,2024-01-20 19:05:52,2024-01-20,19:05:52,19,Saturday,January,2024,Punjab,Multan,Basti Malook,Basti Malook Park area,Sadar PS,30.212732,71.423207,Robbery,Property,Knife,Male,14,Unknown,,,Pending
PK-000532,FIR-0012/2024,2024-01-23 18:31:40,2024-01-23,18:31:40,18,Tuesday,January,2024,Punjab,Lahore,Johar Town,"Plot 270, Johar Town",Johar Town PS,31.479062,74.275987,Theft,Property,Not Used,Male,28,Male,14.0,1.0,Pending
PK-000533,FIR-0171/2024,2024-01-24 17:57:06,2024-01-24,17:57:06,17,Wednesday,January,2024,Punjab,Multan,Multan Cantt,Street near Multan Cantt Mosque,Cantt PS,30.2016,71.436504,Burglary,Property,Not Used,Male,20,Male,33.0,1.0,Released on Bail
PK-000534,FIR-0011/2024,2024-01-28 09:56:30,2024-01-28,09:56:30,9,Sunday,January,2024,Punjab,Multan,Shah Shams Colony,Street near Shah Shams Colony Mosque,Shah Shams PS,30.193216,71.471695,Theft,Property,Not Used,Male,43,Unknown,,,Under Investigation
PK-000535,FIR-0056/2024,2024-01-28 22:07:25,2024-01-28,22:07:25,22,Sunday,January,2024,Punjab,Multan,Wapda Town,Main Wapda Town Bazaar,Bosan Road PS,30.243475,71.495084,Cattle Theft,Property,Not Used,Male,28,Male,19.0,1.0,Pending
PK-000536,FIR-0163/2024,2024-01-30 01:46:42,2024-01-30,01:46:42,1,Tuesday,January,2024,Sindh,Karachi,Saddar,Saddar Service Road,Saddar PS,24.86013,67.025216,Theft,Property,Not Used,Male,36,Male,23.0,1.0,Pending
PK-000537,FIR-0059/2024,2024-02-01 02:21:47,2024-02-01,02:21:47,2,Thursday,February,2024,KPK,Mardan,Airport Road,"Block 5, Airport Road",Airport Road PS,34.228745,72.018027,Burglary,Property,Not Used,Male,18,Female,26.0,1.0,Under Investigation
PK-000538,FIR-0042/2024,2024-02-01 17:18:06,2024-02-01,17:18:06,17,Thursday,February,2024,Punjab,Lahore,Iqbal Town,"Plot 263, Iqbal Town",Iqbal Town PS,31.501328,74.279057,Theft,Property,Not Used,Male,41,Male,26.0,3.0,Pending
PK-000539,FIR-0018/2024,2024-02-03 04:34:45,2024-02-03,04:34:45,4,Saturday,February,2024,Punjab,Lahore,DHA Lahore,DHA Lahore Service Road,DHA Lahore PS,31.462271,74.410649,Hurt / Assault,Violent,Knife,Male,42,Unknown,,,Under Investigation
PK-000540,FIR-0039/2024,2024-02-08 15:30:00,2024-02-08,15:30:00,15,Thursday,February,2024,Balochistan,Quetta,Airport Road,"House #793, Airport Road",Airport Road PS,30.190417,66.956283,Theft,Property,Not Used,Male,19,Male,19.0,1.0,Under Investigation
PK-000541,FIR-0038/2024,2024-02-09 01:12:57,2024-02-09,01:12:57,1,Friday,February,2024,Punjab,Multan,Basti Malook,"House #756, Basti Malook",Sadar PS,30.204837,71.424383,Motor Vehicle Theft,Property,Not Used,Male,28,Male,36.0,2.0,Pending
PK-000542,FIR-0062/2024,2024-02-12 17:00:11,2024-02-12,17:00:11,17,Monday,February,2024,Sindh,Karachi,Lyari,"House #895, Lyari",Lyari PS,24.880095,67.018859,Robbery,Property,Knife,Female,46,Male,23.0,3.0,Pending
PK-000543,FIR-0029/2024,2024-02-13 04:49:38,2024-02-13,04:49:38,4,Tuesday,February,2024,Sindh,Karachi,Malir,Main Malir Bazaar,Malir PS,24.898785,67.200241,Hurt / Assault,Violent,Blunt Object,Female,59,Male,15.0,2.0,Pending
PK-000544,FIR-0028/2024,2024-02-13 12:02:28,2024-02-13,12:02:28,12,Tuesday,February,2024,KPK,Mardan,Saddar,Saddar Service Road,Saddar PS,34.195214,72.018983,Kidnapping / Abduction,Violent,Not Used,Female,15,Male,20.0,3.0,Under Investigation
PK-000545,FIR-0003/2024,2024-02-14 08:05:27,2024-02-14,08:05:27,8,Wednesday,February,2024,Punjab,Lahore,Walled City,Walled City Service Road,Walled City PS,31.581902,74.319741,Hurt / Assault,Violent,Blunt Object,Male,20,Male,32.0,1.0,Under Investigation
PK-000546,FIR-0045/2024,2024-02-14 15:02:38,2024-02-14,15:02:38,15,Wednesday,February,2024,Sindh,Karachi,Korangi,Korangi Park area,Korangi PS,24.839237,67.149486,Theft,Property,Not Used,Male,16,Male,35.0,1.0,Pending
PK-000547,FIR-0105/2024,2024-02-14 19:15:35,2024-02-14,19:15:35,19,Wednesday,February,2024,Punjab,Khanewal,City Center,Street near City Center Mosque,City Center PS,30.303735,71.940001,Burglary,Property,Not Used,Male,44,Male,19.0,1.0,Pending
PK-000548,FIR-0032/2024,2024-02-15 09:07:57,2024-02-15,09:07:57,9,Thursday,February,2024,Sindh,Karachi,Saddar,Near Saddar Petrol Pump,Saddar PS,24.855088,67.02921,Kidnapping / Abduction,Violent,Not Used,Female,37,Male,31.0,5.0,Arrested
PK-000549,FIR-0065/2024,2024-02-16 01:53:03,2024-02-16,01:53:03,1,Friday,February,2024,Punjab,Multan,Shalimar Colony,Shalimar Colony Bus Stop,Bosan Road PS,30.230386,71.513669,Theft,Property,Not Used,Male,34,Male,42.0,1.0,Under Investigation
PK-000550,FIR-0001/2024,2024-02-20 11:42:50,2024-02-20,11:42:50,11,Tuesday,February,2024,Punjab,Sialkot,University Town,University Town Service Road,University Town PS,32.504801,74.599955,Cybercrime / Fraud,Cyber,Not Used,Female,42,Male,37.0,1.0,Pending
PK-000551,FIR-0010/2024,2024-02-21 17:48:23,2024-02-21,17:48:23,17,Wednesday,February,2024,Punjab,Lahore,DHA Lahore,Street near DHA Lahore Mosque,DHA Lahore PS,31.470718,74.404206,Cattle Theft,Property,Not Used,Female,20,Unknown,,,Pending
PK-000552,FIR-0008/2024,2024-02-23 07:35:47,2024-02-23,07:35:47,7,Friday,February,2024,Sindh,Karachi,Saddar,Main Saddar Bazaar,Saddar PS,24.861783,67.022368,Burglary,Property,Not Used,Male,43,Male,26.0,1.0,Under Investigation
PK-000553,FIR-0043/2024,2024-02-25 16:46:15,2024-02-25,16:46:15,16,Sunday,February,2024,Punjab,Bahawalpur,Mall Road,Mall Road Bus Stop,Mall Road PS,29.344599,71.69132,Burglary,Property,Not Used,Female,42,Male,40.0,1.0,Arrested
PK-000554,FIR-0050/2024,2024-02-29 19:04:47,2024-02-29,19:04:47,19,Thursday,February,2024,Sindh,Karachi,Gulshan-e-Iqbal,Near Gulshan-e-Iqbal Petrol Pump,Gulshan-e-Iqbal PS,24.931778,67.097944,Theft,Property,Not Used,Female,61,Unknown,,,Pending
PK-000555,FIR-0016/2024,2024-03-02 04:35:05,2024-03-02,04:35:05,4,Saturday,March,2024,KPK,Peshawar,Mall Road,Near Mall Road Petrol Pump,Mall Road PS,33.991511,71.553602,Robbery,Property,Firearm,Male,30,Unknown,,,Pending
PK-000556,FIR-0011/2024,2024-03-03 21:58:33,2024-03-03,21:58:33,21,Sunday,March,2024,Sindh,Karachi,Clifton,Near Clifton Petrol Pump,Clifton PS,24.810064,67.025668,Murder,Violent,Firearm,Female,52,Unknown,,,Under Investigation
PK-000557,FIR-0006/2024,2024-03-04 20:07:54,2024-03-04,20:07:54,20,Monday,March,2024,Punjab,Multan,Gulgasht Colony,"Plot 2, Gulgasht Colony",Gulgasht PS,30.241666,71.504493,Theft,Property,Not Used,Female,48,Male,32.0,1.0,Under Investigation
PK-000558,FIR-0128/2024,2024-03-05 14:06:42,2024-03-05,14:06:42,14,Tuesday,March,2024,ICT,Islamabad,Civil Lines,Main Civil Lines Bazaar,Civil Lines PS,33.682918,73.040686,Drug Possession,Drug,Not Used,Female,17,Male,29.0,1.0,Arrested
PK-000559,FIR-0152/2024,2024-03-06 19:31:48,2024-03-06,19:31:48,19,Wednesday,March,2024,Balochistan,Quetta,Cantt,Cantt Market,Cantt PS,30.191621,66.970406,Rape,Violent,Not Used,Male,56,Male,22.0,1.0,Arrested
PK-000560,FIR-0014/2024,2024-03-07 13:18:43,2024-03-07,13:18:43,13,Thursday,March,2024,Punjab,Faisalabad,Old City,Old City Park area,Old City PS,31.476019,73.121692,Robbery,Property,Knife,Male,45,Unknown,,,Pending
PK-000561,FIR-0013/2024,2024-03-08 11:57:40,2024-03-08,11:57:40,11,Friday,March,2024,Punjab,Multan,Chungi No. 9,Near Chungi No. 9 Petrol Pump,New Multan PS,30.214065,71.46793,Theft,Property,Not Used,Male,40,Male,33.0,1.0,Pending
PK-000562,FIR-0049/2024,2024-03-10 10:24:46,2024-03-10,10:24:46,10,Sunday,March,2024,Sindh,Karachi,Korangi,"Sector B, Korangi",Korangi PS,24.847967,67.148643,Theft,Property,Not Used,Male,37,Female,24.0,3.0,Pending
PK-000563,FIR-0022/2024,2024-03-11 09:53:03,2024-03-11,09:53:03,9,Monday,March,2024,Punjab,Rawalpindi,City Center,"Sector D, City Center",City Center PS,33.586942,73.005942,Theft,Property,Not Used,Male,16,Unknown,,,Pending
PK-000564,FIR-0161/2024,2024-03-11 11:38:01,2024-03-11,11:38:01,11,Monday,March,2024,Balochistan,Quetta,Saddar,Saddar Market,Saddar PS,30.191034,67.013362,Theft,Property,Not Used,Male,33,Male,16.0,1.0,Arrested
PK-000565,FIR-0026/2024,2024-03-12 08:06:29,2024-03-12,08:06:29,8,Tuesday,March,2024,Punjab,Multan,Multan Cantt,Multan Cantt Park area,Cantt PS,30.212179,71.445235,Theft,Property,Not Used,Male,30,Unknown,,,Pending
PK-000566,FIR-0078/2024,2024-03-14 03:13:15,2024-03-14,03:13:15,3,Thursday,March,2024,Sindh,Karachi,Saddar,Saddar Bus Stop,Saddar PS,24.856988,67.030506,Burglary,Property,Not Used,Male,57,Male,34.0,1.0,Pending
PK-000567,FIR-0100/2024,2024-03-14 17:00:09,2024-03-14,17:00:09,17,Thursday,March,2024,Punjab,Faisalabad,City Center,City Center Park area,City Center PS,31.464114,73.108336,Burglary,Property,Not Used,Male,35,Unknown,,,Pending
PK-000568,FIR-0002/2024,2024-03-16 17:15:13,2024-03-16,17:15:13,17,Saturday,March,2024,Punjab,Multan,Northern Bypass,"Sector D, Northern Bypass",Cantt PS,30.270304,71.458777,Theft,Property,Not Used,Male,31,Unknown,,,Pending
PK-000569,FIR-0041/2024,2024-03-24 00:34:48,2024-03-24,00:34:48,0,Sunday,March,2024,Punjab,Sahiwal,Civil Lines,Civil Lines Bus Stop,Civil Lines PS,30.656653,73.0812,Domestic Violence,Violent,Not Used,Male,81,Unknown,,,Pending
PK-000570,FIR-0076/2024,2024-03-24 00:49:01,2024-03-24,00:49:01,0,Sunday,March,2024,Punjab,Sialkot,Model Town,"House #452, Model Town",Model Town PS,32.496377,74.523314,Motor Vehicle Theft,Property,Not Used,Male,20,Male,26.0,1.0,Arrested
PK-000571,FIR-0079/2024,2024-03-24 04:53:37,2024-03-24,04:53:37,4,Sunday,March,2024,Punjab,Multan,Chowk Kumharanwala,"Sector D, Chowk Kumharanwala",City PS,30.201196,71.47163,Hurt / Assault,Violent,Firearm,Male,23,Male,39.0,1.0,Arrested
PK-000572,FIR-0083/2024,2024-03-29 03:08:31,2024-03-29,03:08:31,3,Friday,March,2024,Punjab,Bahawalpur,Airport Road,Near Airport Road Chowk,Airport Road PS,29.403897,71.681926,Murder,Violent,Blunt Object,Male,40,Male,17.0,1.0,Released on Bail
PK-000573,FIR-0034/2024,2024-03-30 14:21:48,2024-03-30,14:21:48,14,Saturday,March,2024,Punjab,Rawalpindi,Old City,"Plot 122, Old City",Old City PS,33.586241,72.995655,Attempted Murder,Violent,Firearm,Male,33,Female,30.0,1.0,Under Investigation
PK-000574,FIR-0089/2024,2024-03-30 16:45:03,2024-03-30,16:45:03,16,Saturday,March,2024,KPK,Peshawar,Cantt,Cantt Bus Stop,Cantt PS,34.011319,71.491169,Burglary,Property,Not Used,Male,24,Male,29.0,1.0,Released on Bail
PK-000575,FIR-0067/2024,2024-04-02 22:02:42,2024-04-02,22:02:42,22,Tuesday,April,2024,Punjab,Multan,Chowk Kumharanwala,Near Chowk Kumharanwala Petrol Pump,City PS,30.203382,71.481321,Dacoity,Violent,Firearm,Male,28,Male,22.0,3.0,Arrested
PK-000576,FIR-0023/2024,2024-04-03 08:23:49,2024-04-03,08:23:49,8,Wednesday,April,2024,ICT,Islamabad,City Center,City Center Bus Stop,City Center PS,33.720778,73.071444,Cybercrime / Fraud,Cyber,Not Used,Female,36,Male,14.0,1.0,Pending
PK-000577,FIR-0001/2024,2024-04-04 20:35:08,2024-04-04,20:35:08,20,Thursday,April,2024,Punjab,Multan,Chungi No. 14,Near Chungi No. 14 Petrol Pump,New Multan PS,30.208682,71.467481,Motor Vehicle Theft,Property,Not Used,Female,38,Unknown,,,Under Investigation
PK-000578,FIR-0084/2024,2024-04-04 23:18:48,2024-04-04,23:18:48,23,Thursday,April,2024,Punjab,Multan,New Multan,"Plot 263, New Multan",New Multan PS,30.2352,71.473634,Attempted Murder,Violent,Knife,Female,33,Male,33.0,1.0,Arrested
PK-000579,FIR-0018/2024,2024-04-06 10:09:48,2024-04-06,10:09:48,10,Saturday,April,2024,Sindh,Karachi,North Nazimabad,North Nazimabad Market,North Nazimabad PS,24.933567,67.040211,Cybercrime / Fraud,Cyber,Not Used,Male,38,Unknown,,,Pending
PK-000580,FIR-0043/2024,2024-04-07 20:04:02,2024-04-07,20:04:02,20,Sunday,April,2024,Punjab,Lahore,Johar Town,Johar Town Park area,Johar Town PS,31.46516,74.271722,Motor Vehicle Theft,Property,Not Used,Male,34,Unknown,,,Pending
PK-000581,FIR-0014/2024,2024-04-08 02:21:47,2024-04-08,02:21:47,2,Monday,April,2024,Sindh,Karachi,Gulshan-e-Iqbal,Gulshan-e-Iqbal Service Road,Gulshan-e-Iqbal PS,24.920135,67.102339,Burglary,Property,Not Used,Male,40,Unknown,,,Pending
PK-000582,FIR-0004/2024,2024-04-08 21:35:47,2024-04-08,21:35:47,21,Monday,April,2024,Balochistan,Quetta,Cantt,Cantt Market,Cantt PS,30.138161,67.008929,Theft,Property,Not Used,Male,37,Unknown,,,Pending
PK-000583,FIR-0049/2024,2024-04-11 14:00:10,2024-04-11,14:00:10,14,Thursday,April,2024,Punjab,Multan,Suraj Miani,"Block 5, Suraj Miani",Sadar PS,30.211532,71.433892,Cybercrime / Fraud,Cyber,Not Used,Female,59,Unknown,,,Pending
PK-000584,FIR-0020/2024,2024-04-12 19:38:39,2024-04-12,19:38:39,19,Friday,April,2024,Punjab,Rawalpindi,Model Town,"Plot 242, Model Town",Model Town PS,33.578955,73.039017,Motor Vehicle Theft,Property,Not Used,Female,47,Unknown,,,Under Investigation
PK-000585,FIR-0093/2024,2024-04-14 14:17:34,2024-04-14,14:17:34,14,Sunday,April,2024,Punjab,Faisalabad,Mall Road,Mall Road Market,Mall Road PS,31.469587,73.165088,Cattle Theft,Property,Not Used,Male,8,Male,24.0,2.0,Pending
PK-000586,FIR-0090/2024,2024-04-18 08:14:59,2024-04-18,08:14:59,8,Thursday,April,2024,KPK,Abbottabad,Model Town,Main Model Town Bazaar,Model Town PS,34.163123,73.20869,Drug Possession,Drug,Not Used,Male,25,Male,24.0,1.0,Arrested
PK-000587,FIR-0043/2024,2024-04-19 01:33:31,2024-04-19,01:33:31,1,Friday,April,2024,Punjab,Faisalabad,Cantt,Cantt Bus Stop,Cantt PS,31.48516,73.143579,Murder,Violent,Knife,Male,39,Male,26.0,1.0,Released on Bail
PK-000588,FIR-0015/2024,2024-04-20 18:53:59,2024-04-20,18:53:59,18,Saturday,April,2024,Punjab,Lahore,Gulberg,Gulberg Market,Gulberg PS,31.525713,74.361647,Attempted Murder,Violent,Knife,Female,36,Male,30.0,2.0,Under Investigation
PK-000589,FIR-0036/2024,2024-04-21 03:10:37,2024-04-21,03:10:37,3,Sunday,April,2024,Balochistan,Quetta,City Center,Street near City Center Mosque,City Center PS,30.177898,66.946758,Motor Vehicle Theft,Property,Not Used,Male,37,Female,35.0,1.0,Under Investigation
PK-000590,FIR-0015/2024,2024-04-21 04:16:04,2024-04-21,04:16:04,4,Sunday,April,2024,Punjab,Multan,Old City,Old City Market,City PS,30.196233,71.477466,Theft,Property,Not Used,Male,29,Female,21.0,1.0,Arrested
PK-000591,FIR-0023/2024,2024-04-25 18:23:22,2024-04-25,18:23:22,18,Thursday,April,2024,Punjab,Multan,New Multan,New Multan Bus Stop,New Multan PS,30.243326,71.46879,Theft,Property,Not Used,Male,74,Female,25.0,1.0,Pending
PK-000592,FIR-0067/2024,2024-04-25 22:10:24,2024-04-25,22:10:24,22,Thursday,April,2024,KPK,Swat,Old City,Old City Market,Old City PS,35.197715,72.426343,Burglary,Property,Not Used,Male,32,Male,24.0,1.0,Pending
PK-000593,FIR-0127/2024,2024-04-27 11:10:22,2024-04-27,11:10:22,11,Saturday,April,2024,Sindh,Hyderabad,Saddar,Saddar Market,Saddar PS,25.346788,68.350125,Murder,Violent,Knife,Male,5,Unknown,,,Pending
PK-000594,FIR-0081/2024,2024-04-28 21:59:43,2024-04-28,21:59:43,21,Sunday,April,2024,Sindh,Sukkur,Industrial Area,Near Industrial Area Chowk,Industrial Area PS,27.714718,68.846985,Theft,Property,Not Used,Male,29,Male,16.0,1.0,Under Investigation
PK-000595,FIR-0022/2024,2024-04-28 22:29:53,2024-04-28,22:29:53,22,Sunday,April,2024,Punjab,Lahore,Gulberg,"House #924, Gulberg",Gulberg PS,31.520749,74.364393,Cattle Theft,Property,Not Used,Male,5,Male,40.0,2.0,Under Investigation
PK-000596,FIR-0136/2024,2024-04-30 19:58:57,2024-04-30,19:58:57,19,Tuesday,April,2024,Punjab,Multan,Northern Bypass,"Block 5, Northern Bypass",Cantt PS,30.264612,71.450924,Theft,Property,Not Used,Male,51,Male,20.0,1.0,Under Investigation
PK-000597,FIR-0033/2024,2024-05-02 22:16:32,2024-05-02,22:16:32,22,Thursday,May,2024,Punjab,Multan,Qasim Bela,"Block 6, Qasim Bela",Sadar PS,30.173061,71.485506,Theft,Property,Not Used,Female,5,Unknown,,,Under Investigation
PK-000598,FIR-0003/2024,2024-05-03 18:08:24,2024-05-03,18:08:24,18,Friday,May,2024,Punjab,Multan,Chungi No. 14,"House #937, Chungi No. 14",New Multan PS,30.217352,71.465749,Motor Vehicle Theft,Property,Not Used,Male,31,Female,20.0,2.0,Under Investigation
PK-000599,FIR-0029/2024,2024-05-04 07:32:08,2024-05-04,07:32:08,7,Saturday,May,2024,Punjab,Multan,Mumtazabad,Main Mumtazabad Bazaar,Mumtazabad PS,30.183535,71.458115,Hurt / Assault,Violent,Firearm,Female,25,Unknown,,,Pending
PK-000600,FIR-0012/2024,2024-05-04 08:44:19,2024-05-04,08:44:19,8,Saturday,May,2024,Sindh,Karachi,North Nazimabad,North Nazimabad Bus Stop,North Nazimabad PS,24.939672,67.037124,Drug Possession,Drug,Not Used,Male,56,Male,35.0,1.0,Arrested
PK-000601,FIR-0097/2024,2024-05-06 17:46:25,2024-05-06,17:46:25,17,Monday,May,2024,Sindh,Hyderabad,University Town,Main University Town Bazaar,University Town PS,25.394269,68.367255,Hurt / Assault,Violent,Not Used,Female,27,Male,19.0,1.0,Released on Bail
PK-000602,FIR-0002/2024,2024-05-09 05:09:09,2024-05-09,05:09:09,5,Thursday,May,2024,Punjab,Multan,Shah Shams Colony,"Plot 359, Shah Shams Colony",Shah Shams PS,30.197201,71.479953,Hurt / Assault,Violent,Not Used,Male,42,Male,36.0,1.0,Under Investigation
PK-000603,FIR-0095/2024,2024-05-14 18:11:51,2024-05-14,18:11:51,18,Tuesday,May,2024,KPK,Peshawar,City Center,Near City Center Chowk,City Center PS,33.994754,71.51418,Drug Possession,Drug,Not Used,Male,33,Male,23.0,1.0,Arrested
PK-000604,FIR-0019/2024,2024-05-18 20:30:59,2024-05-18,20:30:59,20,Saturday,May,2024,Punjab,Multan,Bosan Road,Bosan Road Market,Bosan Road PS,30.251142,71.489229,Burglary,Property,Not Used,Male,50,Unknown,,,Pending
PK-000605,FIR-0008/2024,2024-05-21 09:07:12,2024-05-21,09:07:12,9,Tuesday,May,2024,Punjab,Lahore,DHA Lahore,DHA Lahore Market,DHA Lahore PS,31.464647,74.406078,Drug Possession,Drug,Not Used,Male,44,Male,26.0,1.0,Arrested
PK-000606,FIR-0055/2024,2024-05-25 16:28:44,2024-05-25,16:28:44,16,Saturday,May,2024,Balochistan,Quetta,Airport Road,Near Airport Road Chowk,Airport Road PS,30.171524,66.977253,Attempted Murder,Violent,Blunt Object,Male,35,Male,38.0,1.0,Released on Bail
PK-000607,FIR-0114/2024,2024-05-26 15:27:01,2024-05-26,15:27:01,15,Sunday,May,2024,Punjab,Rawalpindi,Cantt,Street near Cantt Mosque,Cantt PS,33.588706,73.024386,Cattle Theft,Property,Not Used,Male,38,Unknown,,,Pending
PK-000608,FIR-0082/2024,2024-05-27 00:21:00,2024-05-27,00:21:00,0,Monday,May,2024,KPK,Peshawar,Civil Lines,"Block 9, Civil Lines",Civil Lines PS,34.005572,71.563144,Burglary,Property,Not Used,Male,42,Male,32.0,2.0,Pending
PK-000609,FIR-0042/2024,2024-05-27 23:31:27,2024-05-27,23:31:27,23,Monday,May,2024,Sindh,Sukkur,Civil Lines,"House #958, Civil Lines",Civil Lines PS,27.752639,68.849359,Burglary,Property,Not Used,Male,51,Male,32.0,1.0,Under Investigation
PK-000610,FIR-0010/2024,2024-05-30 08:37:46,2024-05-30,08:37:46,8,Thursday,May,2024,Punjab,Multan,Mumtazabad,"Sector B, Mumtazabad",Mumtazabad PS,30.183179,71.452918,Burglary,Property,Not Used,Female,52,Unknown,,,Under Investigation
PK-000611,FIR-0058/2024,2024-05-30 16:47:38,2024-05-30,16:47:38,16,Thursday,May,2024,Punjab,Sialkot,Mall Road,"House #851, Mall Road",Mall Road PS,32.491878,74.516035,Burglary,Property,Not Used,Female,39,Unknown,,,Under Investigation
PK-000612,FIR-0091/2024,2024-06-03 12:47:43,2024-06-03,12:47:43,12,Monday,June,2024,Punjab,Khanewal,Saddar,Saddar Market,Saddar PS,30.266605,71.944937,Kidnapping / Abduction,Violent,Firearm,Female,64,Male,33.0,5.0,Arrested
PK-000613,FIR-0021/2024,2024-06-05 22:38:47,2024-06-05,22:38:47,22,Wednesday,June,2024,KPK,Abbottabad,Model Town,Model Town Bus Stop,Model Town PS,34.137825,73.202632,Cattle Theft,Property,Not Used,Male,9,Unknown,,,Pending
PK-000614,FIR-0090/2024,2024-06-07 08:26:04,2024-06-07,08:26:04,8,Friday,June,2024,Punjab,Faisalabad,University Town,University Town Service Road,University Town PS,31.457598,73.09641,Theft,Property,Not Used,Male,18,Male,31.0,1.0,Pending
PK-000615,FIR-0124/2024,2024-06-07 23:25:50,2024-06-07,23:25:50,23,Friday,June,2024,ICT,Islamabad,Civil Lines,"House #493, Civil Lines",Civil Lines PS,33.693453,73.080283,Burglary,Property,Not Used,Female,40,Unknown,,,Pending
PK-000616,FIR-0060/2024,2024-06-08 12:53:03,2024-06-08,12:53:03,12,Saturday,June,2024,Punjab,Multan,Bahawalpur Road,Near Bahawalpur Road Petrol Pump,Mumtazabad PS,30.176202,71.470869,Hurt / Assault,Violent,Blunt Object,Female,40,Unknown,,,Under Investigation
PK-000617,FIR-0056/2024,2024-06-12 18:02:53,2024-06-12,18:02:53,18,Wednesday,June,2024,Punjab,Lahore,Walled City,Walled City Park area,Walled City PS,31.580082,74.315959,Attempted Murder,Violent,Knife,Male,39,Male,43.0,1.0,Arrested
PK-000618,FIR-0003/2024,2024-06-13 10:30:54,2024-06-13,10:30:54,10,Thursday,June,2024,Punjab,Lahore,Township,Township Bus Stop,Township PS,31.452501,74.298215,Dacoity,Violent,Firearm,Female,38,Male,32.0,3.0,Released on Bail
PK-000619,FIR-0090/2024,2024-06-13 19:15:50,2024-06-13,19:15:50,19,Thursday,June,2024,ICT,Islamabad,Cantt,Street near Cantt Mosque,Cantt PS,33.667681,73.015697,Burglary,Property,Not Used,Male,29,Male,36.0,1.0,Released on Bail
PK-000620,FIR-0041/2024,2024-06-18 20:42:30,2024-06-18,20:42:30,20,Tuesday,June,2024,Punjab,Lahore,Iqbal Town,"Plot 315, Iqbal Town",Iqbal Town PS,31.509558,74.274537,Theft,Property,Not Used,Male,16,Male,18.0,1.0,Under Investigation
PK-000621,FIR-0023/2024,2024-06-22 19:07:08,2024-06-22,19:07:08,19,Saturday,June,2024,Punjab,Multan,Buch Villas,Street near Buch Villas Mosque,Bosan Road PS,30.257348,71.492774,Motor Vehicle Theft,Property,Not Used,Female,54,Male,26.0,1.0,Released on Bail
PK-000622,FIR-0031/2024,2024-06-23 14:15:36,2024-06-23,14:15:36,14,Sunday,June,2024,KPK,Abbottabad,Saddar,Near Saddar Chowk,Saddar PS,34.137267,73.249603,Theft,Property,Not Used,Male,31,Female,17.0,2.0,Pending
PK-000623,FIR-0065/2024,2024-06-26 09:45:37,2024-06-26,09:45:37,9,Wednesday,June,2024,Punjab,Multan,Shujabad Road,Shujabad Road Bus Stop,Mumtazabad PS,30.14715,71.482059,Hurt / Assault,Violent,Blunt Object,Male,8,Male,37.0,1.0,Arrested
PK-000624,FIR-0136/2024,2024-06-26 11:55:18,2024-06-26,11:55:18,11,Wednesday,June,2024,Punjab,Faisalabad,Saddar,Near Saddar Petrol Pump,Saddar PS,31.458952,73.153894,Hurt / Assault,Violent,Knife,Female,54,Male,14.0,1.0,Released on Bail
PK-000625,FIR-0041/2024,2024-06-27 18:41:55,2024-06-27,18:41:55,18,Thursday,June,2024,Sindh,Karachi,Gulshan-e-Iqbal,Gulshan-e-Iqbal Bus Stop,Gulshan-e-Iqbal PS,24.919114,67.102471,Burglary,Property,Not Used,Female,21,Male,31.0,3.0,Pending
PK-000626,FIR-0035/2024,2024-06-29 12:48:55,2024-06-29,12:48:55,12,Saturday,June,2024,Punjab,Bahawalpur,Cantt,Main Cantt Bazaar,Cantt PS,29.382983,71.692247,Kidnapping / Abduction,Violent,Firearm,Male,24,Male,14.0,3.0,Released on Bail
PK-000627,FIR-0007/2024,2024-06-30 17:03:43,2024-06-30,17:03:43,17,Sunday,June,2024,Punjab,Lahore,Iqbal Town,Iqbal Town Park area,Iqbal Town PS,31.508401,74.274617,Attempted Murder,Violent,Blunt Object,Male,24,Unknown,,,Under Investigation
PK-000628,FIR-0054/2024,2024-06-30 21:09:52,2024-06-30,21:09:52,21,Sunday,June,2024,Punjab,Lahore,Walled City,Walled City Park area,Walled City PS,31.57853,74.318033,Motor Vehicle Theft,Property,Not Used,Male,37,Male,26.0,2.0,Pending
PK-000629,FIR-0020/2024,2024-07-01 01:18:36,2024-07-01,01:18:36,1,Monday,July,2024,Sindh,Karachi,Malir,Main Malir Bazaar,Malir PS,24.898031,67.214688,Hurt / Assault,Violent,Not Used,Female,28,Male,31.0,1.0,Released on Bail
PK-000630,FIR-0061/2024,2024-07-02 04:25:40,2024-07-02,04:25:40,4,Tuesday,July,2024,KPK,Abbottabad,Saddar,Saddar Market,Saddar PS,34.132589,73.181922,Motor Vehicle Theft,Property,Not Used,Male,21,Male,21.0,1.0,Pending
PK-000631,FIR-0070/2024,2024-07-02 21:56:22,2024-07-02,21:56:22,21,Tuesday,July,2024,Punjab,Sialkot,University Town,University Town Service Road,University Town PS,32.493003,74.535257,Motor Vehicle Theft,Property,Not Used,Female,7,Male,21.0,1.0,Under Investigation
PK-000632,FIR-0036/2024,2024-07-03 03:11:07,2024-07-03,03:11:07,3,Wednesday,July,2024,Punjab,Lahore,Shadman,Main Shadman Bazaar,Shadman PS,31.543256,74.331585,Murder,Violent,Knife,Female,18,Male,35.0,2.0,Arrested
PK-000633,FIR-0089/2024,2024-07-04 18:33:18,2024-07-04,18:33:18,18,Thursday,July,2024,Punjab,Multan,Qasim Bela,"House #475, Qasim Bela",Sadar PS,30.176462,71.493797,Kidnapping / Abduction,Violent,Firearm,Female,29,Unknown,,,Pending
PK-000634,FIR-0001/2024,2024-07-08 18:32:26,2024-07-08,18:32:26,18,Monday,July,2024,Punjab,Multan,Shah Shams Colony,Near Shah Shams Colony Chowk,Shah Shams PS,30.196749,71.487277,Theft,Property,Not Used,Male,47,Male,25.0,1.0,Arrested
PK-000635,FIR-0018/2024,2024-07-09 23:56:07,2024-07-09,23:56:07,23,Tuesday,July,2024,Sindh,Karachi,DHA Karachi,DHA Karachi Market,DHA Karachi PS,24.811536,67.043115,Theft,Property,Not Used,Male,50,Unknown,,,Pending
PK-000636,FIR-0013/2024,2024-07-11 22:54:08,2024-07-11,22:54:08,22,Thursday,July,2024,Balochistan,Quetta,Industrial Area,Industrial Area Service Road,Industrial Area PS,30.191304,66.985013,Theft,Property,Not Used,Female,35,Male,28.0,1.0,Pending
PK-000637,FIR-0043/2024,2024-07-12 12:07:43,2024-07-12,12:07:43,12,Friday,July,2024,Punjab,Multan,Chowk Kumharanwala,Near Chowk Kumharanwala Chowk,City PS,30.198497,71.471017,Theft,Property,Not Used,Male,40,Male,25.0,1.0,Pending
PK-000638,FIR-0045/2024,2024-07-14 22:07:50,2024-07-14,22:07:50,22,Sunday,July,2024,Sindh,Karachi,Saddar,Saddar Service Road,Saddar PS,24.860932,67.020975,Drug Possession,Drug,Not Used,Male,23,Male,22.0,2.0,Arrested
PK-000639,FIR-0017/2024,2024-07-15 08:48:42,2024-07-15,08:48:42,8,Monday,July,2024,Sindh,Karachi,Clifton,Main Clifton Bazaar,Clifton PS,24.81772,67.029598,Kidnapping / Abduction,Violent,Not Used,Male,39,Male,29.0,5.0,Arrested
PK-000640,FIR-0101/2024,2024-07-17 22:54:16,2024-07-17,22:54:16,22,Wednesday,July,2024,KPK,Swat,City Center,"House #328, City Center",City Center PS,35.232102,72.423571,Theft,Property,Not Used,Male,33,Male,31.0,2.0,Under Investigation
PK-000641,FIR-0063/2024,2024-07-18 10:32:33,2024-07-18,10:32:33,10,Thursday,July,2024,Punjab,Lahore,Cantt,Cantt Bus Stop,Cantt PS,31.53656,74.413231,Kidnapping / Abduction,Violent,Firearm,Male,27,Unknown,,,Pending
PK-000642,FIR-0055/2024,2024-07-18 18:44:06,2024-07-18,18:44:06,18,Thursday,July,2024,Sindh,Hyderabad,Mall Road,Mall Road Bus Stop,Mall Road PS,25.365337,68.322969,Theft,Property,Not Used,Male,44,Unknown,,,Pending
PK-000643,FIR-0049/2024,2024-07-18 23:37:14,2024-07-18,23:37:14,23,Thursday,July,2024,Punjab,Faisalabad,Mall Road,"Sector E, Mall Road",Mall Road PS,31.430216,73.179375,Hurt / Assault,Violent,Knife,Male,45,Male,21.0,3.0,Pending
PK-000644,FIR-0005/2024,2024-07-19 08:01:23,2024-07-19,08:01:23,8,Friday,July,2024,Punjab,Multan,Shah Rukn-e-Alam Colony,Street near Shah Rukn-e-Alam Colony Mosque,Shah Rukn-e-Alam PS,30.241189,71.478604,Theft,Property,Not Used,Male,5,Unknown,,,Pending
PK-000645,FIR-0011/2024,2024-07-20 15:34:33,2024-07-20,15:34:33,15,Saturday,July,2024,Sindh,Karachi,Korangi,"House #942, Korangi",Korangi PS,24.842259,67.159632,Hurt / Assault,Violent,Firearm,Male,31,Male,30.0,1.0,Released on Bail
PK-000646,FIR-0113/2024,2024-07-22 19:12:19,2024-07-22,19:12:19,19,Monday,July,2024,KPK,Mardan,Cantt,"Plot 435, Cantt",Cantt PS,34.180055,72.060549,Burglary,Property,Not Used,Male,56,Unknown,,,Under Investigation
PK-000647,FIR-0027/2024,2024-07-24 09:25:27,2024-07-24,09:25:27,9,Wednesday,July,2024,Punjab,Faisalabad,Industrial Area,Industrial Area Market,Industrial Area PS,31.443167,73.163711,Attempted Murder,Violent,Knife,Female,9,Male,14.0,2.0,Arrested
PK-000648,FIR-0052/2024,2024-07-27 08:27:43,2024-07-27,08:27:43,8,Saturday,July,2024,Punjab,Multan,Chowk Kumharanwala,Near Chowk Kumharanwala Chowk,City PS,30.190615,71.473252,Theft,Property,Not Used,Female,18,Unknown,,,Pending
PK-000649,FIR-0008/2024,2024-08-01 22:34:57,2024-08-01,22:34:57,22,Thursday,August,2024,Punjab,Sialkot,Airport Road,"Sector A, Airport Road",Airport Road PS,32.498341,74.516718,Theft,Property,Not Used,Female,36,Unknown,,,Under Investigation
PK-000650,FIR-0106/2024,2024-08-02 01:13:04,2024-08-02,01:13:04,1,Friday,August,2024,ICT,Islamabad,Saddar,Saddar Market,Saddar PS,33.689141,73.063664,Theft,Property,Not Used,Male,48,Male,31.0,1.0,Pending
PK-000651,FIR-0007/2024,2024-08-02 17:43:38,2024-08-02,17:43:38,17,Friday,August,2024,Punjab,Rawalpindi,Saddar,Main Saddar Bazaar,Saddar PS,33.546906,72.99817,Theft,Property,Not Used,Male,25,Unknown,,,Under Investigation
PK-000652,FIR-0099/2024,2024-08-02 19:19:53,2024-08-02,19:19:53,19,Friday,August,2024,Punjab,Bahawalpur,Old City,Main Old City Bazaar,Old City PS,29.398606,71.665682,Robbery,Property,Not Used,Female,44,Unknown,,,Under Investigation
PK-000653,FIR-0039/2024,2024-08-02 23:28:11,2024-08-02,23:28:11,23,Friday,August,2024,Punjab,Multan,Chungi No. 14,"Block 10, Chungi No. 14",New Multan PS,30.207508,71.469921,Theft,Property,Not Used,Male,17,Male,43.0,1.0,Pending
PK-000654,FIR-0060/2024,2024-08-05 21:35:57,2024-08-05,21:35:57,21,Monday,August,2024,Punjab,Lahore,Walled City,Walled City Park area,Walled City PS,31.584122,74.307083,Motor Vehicle Theft,Property,Not Used,Female,20,Unknown,,,Pending
PK-000655,FIR-0078/2024,2024-08-05 22:51:12,2024-08-05,22:51:12,22,Monday,August,2024,Punjab,Multan,Qasim Bela,Near Qasim Bela Petrol Pump,Sadar PS,30.170408,71.484985,Burglary,Property,Not Used,Female,46,Male,20.0,1.0,Arrested
PK-000656,FIR-0049/2024,2024-08-07 14:04:48,2024-08-07,14:04:48,14,Wednesday,August,2024,Sindh,Karachi,North Nazimabad,North Nazimabad Market,North Nazimabad PS,24.942933,67.04045,Cattle Theft,Property,Not Used,Male,5,Unknown,,,Pending
PK-000657,FIR-0019/2024,2024-08-08 16:48:01,2024-08-08,16:48:01,16,Thursday,August,2024,Sindh,Karachi,Clifton,Clifton Bus Stop,Clifton PS,24.807616,67.029641,Attempted Murder,Violent,Knife,Female,61,Male,35.0,1.0,Arrested
PK-000658,FIR-0138/2024,2024-08-08 18:40:48,2024-08-08,18:40:48,18,Thursday,August,2024,Sindh,Hyderabad,Saddar,Saddar Park area,Saddar PS,25.348221,68.35977,Motor Vehicle Theft,Property,Not Used,Male,12,Unknown,,,Under Investigation
PK-000659,FIR-0033/2024,2024-08-08 19:14:38,2024-08-08,19:14:38,19,Thursday,August,2024,Sindh,Karachi,Gulshan-e-Iqbal,Gulshan-e-Iqbal Bus Stop,Gulshan-e-Iqbal PS,24.929795,67.097371,Dacoity,Violent,Knife,Female,35,Unknown,,,Pending
PK-000660,FIR-0032/2024,2024-08-11 11:21:44,2024-08-11,11:21:44,11,Sunday,August,2024,Sindh,Karachi,Korangi,"Block 12, Korangi",Korangi PS,24.841278,67.148578,Hurt / Assault,Violent,Blunt Object,Male,31,Male,34.0,1.0,Under Investigation
PK-000661,FIR-0060/2024,2024-08-12 20:26:18,2024-08-12,20:26:18,20,Monday,August,2024,Sindh,Hyderabad,Old City,Old City Service Road,Old City PS,25.393632,68.393907,Cattle Theft,Property,Not Used,Male,43,Male,20.0,1.0,Under Investigation
PK-000662,FIR-0026/2024,2024-08-13 18:07:59,2024-08-13,18:07:59,18,Tuesday,August,2024,Sindh,Karachi,Clifton,Near Clifton Petrol Pump,Clifton PS,24.811253,67.027645,Motor Vehicle Theft,Property,Not Used,Female,43,Male,21.0,3.0,Under Investigation
PK-000663,FIR-0017/2024,2024-08-13 22:19:18,2024-08-13,22:19:18,22,Tuesday,August,2024,Punjab,Faisalabad,Old City,"Block 9, Old City",Old City PS,31.466128,73.123809,Theft,Property,Not Used,Female,5,Male,38.0,1.0,Pending
PK-000664,FIR-0065/2024,2024-08-14 07:51:48,2024-08-14,07:51:48,7,Wednesday,August,2024,Punjab,Sialkot,City Center,Near City Center Petrol Pump,City Center PS,32.475777,74.506707,Murder,Violent,Blunt Object,Female,39,Male,35.0,1.0,Arrested
PK-000665,FIR-0018/2024,2024-08-16 01:54:19,2024-08-16,01:54:19,1,Friday,August,2024,Punjab,Multan,Khanewal Road,"Plot 19, Khanewal Road",Khanewal Bypass PS,30.187881,71.553813,Murder,Violent,Blunt Object,Male,26,Male,22.0,1.0,Arrested
PK-000666,FIR-0040/2024,2024-08-18 02:21:16,2024-08-18,02:21:16,2,Sunday,August,2024,KPK,Mardan,Industrial Area,Near Industrial Area Chowk,Industrial Area PS,34.212135,72.027664,Robbery,Property,Firearm,Male,53,Unknown,,,Under Investigation
PK-000667,FIR-0062/2024,2024-08-24 15:53:02,2024-08-24,15:53:02,15,Saturday,August,2024,Punjab,Multan,Basti Malook,Basti Malook Park area,Sadar PS,30.199989,71.422703,Theft,Property,Not Used,Male,33,Unknown,,,Pending
PK-000668,FIR-0057/2024,2024-08-26 19:34:26,2024-08-26,19:34:26,19,Monday,August,2024,Punjab,Multan,Mumtazabad,Near Mumtazabad Chowk,Mumtazabad PS,30.17864,71.45446,Robbery,Property,Knife,Female,23,Female,32.0,4.0,Pending
PK-000669,FIR-0042/2024,2024-08-27 00:32:49,2024-08-27,00:32:49,0,Tuesday,August,2024,KPK,Peshawar,University Town,Street near University Town Mosque,University Town PS,34.00661,71.514848,Theft,Property,Not Used,Male,47,Unknown,,,Pending
PK-000670,FIR-0026/2024,2024-08-27 19:30:40,2024-08-27,19:30:40,19,Tuesday,August,2024,Punjab,Multan,Shah Shams Colony,Shah Shams Colony Market,Shah Shams PS,30.202554,71.475818,Theft,Property,Not Used,Female,24,Unknown,,,Pending
PK-000671,FIR-0007/2024,2024-08-27 20:54:34,2024-08-27,20:54:34,20,Tuesday,August,2024,Punjab,Multan,Chowk Kumharanwala,"Sector A, Chowk Kumharanwala",City PS,30.200969,71.462362,Robbery,Property,Knife,Male,31,Unknown,,,Pending
PK-000672,FIR-0042/2024,2024-08-29 22:16:44,2024-08-29,22:16:44,22,Thursday,August,2024,Balochistan,Quetta,Model Town,Model Town Market,Model Town PS,30.165288,66.982149,Motor Vehicle Theft,Property,Not Used,Male,39,Male,31.0,1.0,Released on Bail
PK-000673,FIR-0016/2024,2024-08-30 02:45:13,2024-08-30,02:45:13,2,Friday,August,2024,Punjab,Multan,Shah Shams Colony,"Block 6, Shah Shams Colony",Shah Shams PS,30.197824,71.473521,Motor Vehicle Theft,Property,Not Used,Female,37,Male,23.0,1.0,Arrested
PK-000674,FIR-0109/2024,2024-08-30 22:31:36,2024-08-30,22:31:36,22,Friday,August,2024,Punjab,Gujranwala,Old City,"Block 12, Old City",Old City PS,32.209502,74.209021,Cybercrime / Fraud,Cyber,Not Used,Male,41,Unknown,,,Under Investigation
PK-000675,FIR-0032/2024,2024-08-31 14:13:31,2024-08-31,14:13:31,14,Saturday,August,2024,Punjab,Multan,Mumtazabad,"Plot 315, Mumtazabad",Mumtazabad PS,30.17108,71.443833,Theft,Property,Not Used,Female,49,Male,15.0,1.0,Under Investigation
PK-000676,FIR-0008/2024,2024-09-02 17:08:46,2024-09-02,17:08:46,17,Monday,September,2024,Punjab,Multan,Bosan Road,"House #400, Bosan Road",Bosan Road PS,30.241409,71.494668,Domestic Violence,Violent,Blunt Object,Male,21,Unknown,,,Pending
PK-000677,FIR-0026/2024,2024-09-04 23:30:53,2024-09-04,23:30:53,23,Wednesday,September,2024,Sindh,Karachi,Malir,Malir Park area,Malir PS,24.893707,67.206854,Cybercrime / Fraud,Cyber,Not Used,Female,48,Male,32.0,1.0,Released on Bail
PK-000678,FIR-0157/2024,2024-09-07 20:32:35,2024-09-07,20:32:35,20,Saturday,September,2024,Punjab,Rawalpindi,Saddar,"House #507, Saddar",Saddar PS,33.581016,72.994335,Rape,Violent,Knife,Female,25,Female,24.0,2.0,Arrested
PK-000679,FIR-0006/2024,2024-09-09 11:35:03,2024-09-09,11:35:03,11,Monday,September,2024,Punjab,Lahore,Shadman,Near Shadman Petrol Pump,Shadman PS,31.545123,74.336756,Hurt / Assault,Violent,Not Used,Male,47,Unknown,,,Under Investigation
PK-000680,FIR-0076/2024,2024-09-09 21:09:08,2024-09-09,21:09:08,21,Monday,September,2024,KPK,Mardan,Old City,"Block 8, Old City",Old City PS,34.2063,72.03483,Theft,Property,Not Used,Male,26,Male,20.0,1.0,Pending
PK-000681,FIR-0052/2024,2024-09-11 02:42:43,2024-09-11,02:42:43,2,Wednesday,September,2024,Sindh,Karachi,Lyari,Lyari Park area,Lyari PS,24.867087,67.021585,Theft,Property,Not Used,Male,31,Unknown,,,Pending
PK-000682,FIR-0088/2024,2024-09-11 10:12:02,2024-09-11,10:12:02,10,Wednesday,September,2024,Sindh,Hyderabad,Saddar,Street near Saddar Mosque,Saddar PS,25.398735,68.340202,Kidnapping / Abduction,Violent,Not Used,Female,45,Unknown,,,Pending
PK-000683,FIR-0013/2024,2024-09-12 04:50:10,2024-09-12,04:50:10,4,Thursday,September,2024,Sindh,Karachi,Gulshan-e-Iqbal,"Sector B, Gulshan-e-Iqbal",Gulshan-e-Iqbal PS,24.920932,67.091898,Attempted Murder,Violent,Knife,Male,24,Unknown,,,Under Investigation
PK-000684,FIR-0059/2024,2024-09-12 20:21:58,2024-09-12,20:21:58,20,Thursday,September,2024,Punjab,Sialkot,University Town,"Sector E, University Town",University Town PS,32.513631,74.502679,Robbery,Property,Not Used,Male,50,Unknown,,,Pending
PK-000685,FIR-0033/2024,2024-09-13 12:34:07,2024-09-13,12:34:07,12,Friday,September,2024,Punjab,Lahore,Johar Town,"Plot 340, Johar Town",Johar Town PS,31.466906,74.265473,Attempted Murder,Violent,Blunt Object,Male,13,Unknown,,,Pending
PK-000686,FIR-0014/2024,2024-09-14 10:14:17,2024-09-14,10:14:17,10,Saturday,September,2024,Punjab,Lahore,Township,Near Township Chowk,Township PS,31.444616,74.308688,Murder,Violent,Strangulation,Male,38,Male,15.0,2.0,Released on Bail
PK-000687,FIR-0098/2024,2024-09-14 14:36:30,2024-09-14,14:36:30,14,Saturday,September,2024,KPK,Mardan,Airport Road,Street near Airport Road Mosque,Airport Road PS,34.178195,72.006706,Theft,Property,Not Used,Male,14,Unknown,,,Under Investigation
PK-000688,FIR-0109/2024,2024-09-16 18:00:37,2024-09-16,18:00:37,18,Monday,September,2024,Punjab,Faisalabad,Civil Lines,"Block 12, Civil Lines",Civil Lines PS,31.454545,73.12161,Murder,Violent,Firearm,Male,35,Male,21.0,1.0,Arrested
PK-000689,FIR-0060/2024,2024-09-18 20:46:06,2024-09-18,20:46:06,20,Wednesday,September,2024,Sindh,Karachi,Korangi,Near Korangi Chowk,Korangi PS,24.844689,67.151252,Cattle Theft,Property,Not Used,Female,52,Male,27.0,2.0,Under Investigation
PK-000690,FIR-0065/2024,2024-09-19 17:59:19,2024-09-19,17:59:19,17,Thursday,September,2024,Punjab,Multan,Basti Malook,"House #520, Basti Malook",Sadar PS,30.210031,71.426598,Dacoity,Violent,Knife,Male,41,Male,40.0,2.0,Under Investigation
PK-000691,FIR-0105/2024,2024-09-21 07:14:11,2024-09-21,07:14:11,7,Saturday,September,2024,KPK,Peshawar,Airport Road,"House #844, Airport Road",Airport Road PS,34.028232,71.518192,Cybercrime / Fraud,Cyber,Not Used,Female,38,Male,40.0,1.0,Under Investigation
PK-000692,FIR-0005/2024,2024-09-23 19:08:05,2024-09-23,19:08:05,19,Monday,September,2024,Punjab,Multan,Chungi No. 14,Near Chungi No. 14 Petrol Pump,New Multan PS,30.216852,71.466803,Theft,Property,Not Used,Female,35,Male,31.0,1.0,Released on Bail
PK-000693,FIR-0061/2024,2024-09-24 18:59:34,2024-09-24,18:59:34,18,Tuesday,September,2024,Punjab,Rawalpindi,Airport Road,Airport Road Service Road,Airport Road PS,33.574131,73.02223,Drug Possession,Drug,Not Used,Female,31,Male,15.0,2.0,Under Investigation
PK-000694,FIR-0019/2024,2024-09-26 02:05:38,2024-09-26,02:05:38,2,Thursday,September,2024,Punjab,Lahore,Walled City,Main Walled City Bazaar,Walled City PS,31.574005,74.319435,Motor Vehicle Theft,Property,Not Used,Female,35,Unknown,,,Pending
PK-000695,FIR-0123/2024,2024-09-28 05:04:59,2024-09-28,05:04:59,5,Saturday,September,2024,Punjab,Rawalpindi,University Town,Street near University Town Mosque,University Town PS,33.577054,73.020464,Theft,Property,Not Used,Female,37,Male,28.0,2.0,Under Investigation
PK-000696,FIR-0038/2024,2024-09-28 09:13:05,2024-09-28,09:13:05,9,Saturday,September,2024,KPK,Swat,University Town,Near University Town Chowk,University Town PS,35.238508,72.43621,Robbery,Property,Firearm,Female,52,Male,14.0,2.0,Pending
PK-000697,FIR-0121/2024,2024-09-30 17:07:08,2024-09-30,17:07:08,17,Monday,September,2024,Punjab,Rawalpindi,University Town,"Plot 490, University Town",University Town PS,33.570278,73.033042,Theft,Property,Not Used,Male,38,Unknown,,,Pending
PK-000698,FIR-0205/2024,2024-10-04 07:43:36,2024-10-04,07:43:36,7,Friday,October,2024,Punjab,Multan,Vehari Road,"House #641, Vehari Road",Cantt PS,30.18955,71.513079,Attempted Murder,Violent,Firearm,Female,54,Male,41.0,1.0,Under Investigation
PK-000699,FIR-0001/2024,2024-10-08 16:38:02,2024-10-08,16:38:02,16,Tuesday,October,2024,KPK,Peshawar,Airport Road,Airport Road Park area,Airport Road PS,33.997957,71.503482,Robbery,Property,Not Used,Female,41,Male,26.0,2.0,Pending
PK-000700,FIR-0030/2024,2024-10-09 14:27:30,2024-10-09,14:27:30,14,Wednesday,October,2024,Punjab,Lahore,Walled City,Walled City Park area,Walled City PS,31.588228,74.315416,Hurt / Assault,Violent,Firearm,Male,26,Male,30.0,1.0,Arrested
PK-000701,FIR-0025/2024,2024-10-10 08:34:21,2024-10-10,08:34:21,8,Thursday,October,2024,Punjab,Multan,Shah Rukn-e-Alam Colony,Near Shah Rukn-e-Alam Colony Petrol Pump,Shah Rukn-e-Alam PS,30.232412,71.476571,Drug Possession,Drug,Not Used,Female,27,Male,29.0,1.0,Arrested
PK-000702,FIR-0040/2024,2024-10-13 01:23:24,2024-10-13,01:23:24,1,Sunday,October,2024,KPK,Peshawar,Cantt,Street near Cantt Mosque,Cantt PS,34.023018,71.522557,Dacoity,Violent,Firearm,Female,57,Male,25.0,2.0,Pending
PK-000703,FIR-0054/2024,2024-10-14 20:37:03,2024-10-14,20:37:03,20,Monday,October,2024,Punjab,Multan,New Multan,Main New Multan Bazaar,New Multan PS,30.238736,71.47344,Theft,Property,Not Used,Female,20,Unknown,,,Under Investigation
PK-000704,FIR-0014/2024,2024-10-17 10:38:40,2024-10-17,10:38:40,10,Thursday,October,2024,Punjab,Lahore,Shadman,"House #735, Shadman",Shadman PS,31.545531,74.326806,Hurt / Assault,Violent,Knife,Male,19,Unknown,,,Pending
PK-000705,FIR-0068/2024,2024-10-17 13:48:13,2024-10-17,13:48:13,13,Thursday,October,2024,Punjab,Lahore,Walled City,Walled City Park area,Walled City PS,31.584772,74.312612,Cybercrime / Fraud,Cyber,Not Used,Male,40,Unknown,,,Under Investigation
PK-000706,FIR-0062/2024,2024-10-19 11:09:33,2024-10-19,11:09:33,11,Saturday,October,2024,Punjab,Lahore,Walled City,Street near Walled City Mosque,Walled City PS,31.592648,74.315003,Cybercrime / Fraud,Cyber,Not Used,Male,40,Unknown,,,Pending
PK-000707,FIR-0013/2024,2024-10-21 19:21:39,2024-10-21,19:21:39,19,Monday,October,2024,Punjab,Multan,Shah Rukn-e-Alam Colony,Shah Rukn-e-Alam Colony Service Road,Shah Rukn-e-Alam PS,30.246713,71.479743,Robbery,Property,Not Used,Female,37,Male,31.0,2.0,Arrested
PK-000708,FIR-0021/2024,2024-10-22 19:42:41,2024-10-22,19:42:41,19,Tuesday,October,2024,Balochistan,Quetta,Old City,"House #322, Old City",Old City PS,30.140509,66.945377,Murder,Violent,Knife,Male,34,Male,23.0,1.0,Released on Bail
PK-000709,FIR-0024/2024,2024-10-27 18:08:47,2024-10-27,18:08:47,18,Sunday,October,2024,Punjab,Khanewal,Model Town,Model Town Service Road,Model Town PS,30.29399,71.890572,Motor Vehicle Theft,Property,Not Used,Male,51,Unknown,,,Pending
PK-000710,FIR-0021/2024,2024-10-28 21:12:43,2024-10-28,21:12:43,21,Monday,October,2024,Punjab,Sialkot,Mall Road,"House #792, Mall Road",Mall Road PS,32.468257,74.514958,Theft,Property,Not Used,Female,34,Unknown,,,Pending
PK-000711,FIR-0009/2024,2024-10-31 16:01:43,2024-10-31,16:01:43,16,Thursday,October,2024,Punjab,Lahore,Iqbal Town,Iqbal Town Bus Stop,Iqbal Town PS,31.50926,74.280556,Theft,Property,Not Used,Female,53,Male,17.0,2.0,Released on Bail
PK-000712,FIR-0016/2024,2024-11-03 17:02:17,2024-11-03,17:02:17,17,Sunday,November,2024,Punjab,Lahore,Walled City,Walled City Market,Walled City PS,31.575937,74.305939,Theft,Property,Not Used,Male,48,Unknown,,,Under Investigation
PK-000713,FIR-0131/2024,2024-11-05 12:28:13,2024-11-05,12:28:13,12,Tuesday,November,2024,KPK,Peshawar,Cantt,Cantt Market,Cantt PS,34.002914,71.551225,Hurt / Assault,Violent,Not Used,Female,34,Male,16.0,1.0,Arrested
PK-000714,FIR-0055/2024,2024-11-11 08:27:10,2024-11-11,08:27:10,8,Monday,November,2024,Punjab,Multan,Chungi No. 9,Chungi No. 9 Service Road,New Multan PS,30.206238,71.465379,Murder,Violent,Knife,Male,29,Male,27.0,1.0,Arrested
PK-000715,FIR-0020/2024,2024-11-11 12:56:24,2024-11-11,12:56:24,12,Monday,November,2024,Punjab,Sialkot,University Town,"Sector B, University Town",University Town PS,32.470345,74.539082,Hurt / Assault,Violent,Firearm,Male,23,Male,24.0,3.0,Arrested
PK-000716,FIR-0034/2024,2024-11-12 02:16:16,2024-11-12,02:16:16,2,Tuesday,November,2024,Sindh,Hyderabad,Civil Lines,Near Civil Lines Chowk,Civil Lines PS,25.363847,68.352208,Domestic Violence,Violent,Blunt Object,Female,33,Male,31.0,1.0,Pending
PK-000717,FIR-0088/2024,2024-11-13 22:19:06,2024-11-13,22:19:06,22,Wednesday,November,2024,Balochistan,Quetta,Airport Road,"House #20, Airport Road",Airport Road PS,30.185635,66.970353,Dacoity,Violent,Firearm,Male,41,Male,20.0,4.0,Under Investigation
PK-000718,FIR-0048/2024,2024-11-18 18:18:21,2024-11-18,18:18:21,18,Monday,November,2024,Punjab,Khanewal,Mall Road,"House #394, Mall Road",Mall Road PS,30.295389,71.950931,Theft,Property,Not Used,Male,39,Male,32.0,2.0,Under Investigation
PK-000719,FIR-0005/2024,2024-11-20 12:12:00,2024-11-20,12:12:00,12,Wednesday,November,2024,Balochistan,Gwadar,Saddar,Near Saddar Petrol Pump,Saddar PS,25.126214,62.315942,Drug Possession,Drug,Not Used,Female,37,Male,34.0,1.0,Under Investigation
PK-000720,FIR-0098/2024,2024-11-23 10:53:21,2024-11-23,10:53:21,10,Saturday,November,2024,Punjab,Multan,Mumtazabad,"Sector D, Mumtazabad",Mumtazabad PS,30.184953,71.449335,Drug Possession,Drug,Not Used,Female,49,Male,23.0,1.0,Under Investigation
PK-000721,FIR-0012/2024,2024-11-25 23:07:05,2024-11-25,23:07:05,23,Monday,November,2024,Punjab,Multan,Gulgasht Colony,"Block 6, Gulgasht Colony",Gulgasht PS,30.249004,71.510429,Domestic Violence,Violent,Not Used,Male,5,Male,31.0,1.0,Under Investigation
PK-000722,FIR-0113/2024,2024-11-26 06:43:00,2024-11-26,06:43:00,6,Tuesday,November,2024,Punjab,Bahawalpur,University Town,"Block 2, University Town",University Town PS,29.41962,71.687998,Hurt / Assault,Violent,Blunt Object,Male,42,Male,34.0,1.0,Released on Bail
PK-000723,FIR-0090/2024,2024-11-26 09:31:32,2024-11-26,09:31:32,9,Tuesday,November,2024,Punjab,Multan,Qasim Bela,Qasim Bela Bus Stop,Sadar PS,30.169429,71.493159,Hurt / Assault,Violent,Blunt Object,Female,25,Male,33.0,2.0,Under Investigation
PK-000724,FIR-0005/2024,2024-12-02 19:55:51,2024-12-02,19:55:51,19,Monday,December,2024,Sindh,Karachi,Malir,"House #593, Malir",Malir PS,24.892079,67.205709,Theft,Property,Not Used,Male,36,Male,14.0,1.0,Under Investigation
PK-000725,FIR-0049/2024,2024-12-03 20:52:34,2024-12-03,20:52:34,20,Tuesday,December,2024,Punjab,Rawalpindi,Civil Lines,Civil Lines Bus Stop,Civil Lines PS,33.581205,73.016171,Domestic Violence,Violent,Not Used,Male,26,Male,30.0,1.0,Arrested
PK-000726,FIR-0015/2024,2024-12-07 20:22:04,2024-12-07,20:22:04,20,Saturday,December,2024,Punjab,Lahore,DHA Lahore,DHA Lahore Park area,DHA Lahore PS,31.467458,74.410854,Burglary,Property,Not Used,Female,38,Male,38.0,1.0,Pending
PK-000727,FIR-0005/2024,2024-12-11 13:30:57,2024-12-11,13:30:57,13,Wednesday,December,2024,Sindh,Karachi,Korangi,"Sector C, Korangi",Korangi PS,24.845172,67.151079,Hurt / Assault,Violent,Blunt Object,Male,27,Male,30.0,1.0,Arrested
PK-000728,FIR-0006/2024,2024-12-11 16:45:50,2024-12-11,16:45:50,16,Wednesday,December,2024,Punjab,Bahawalpur,Industrial Area,"Plot 381, Industrial Area",Industrial Area PS,29.43981,71.67245,Hurt / Assault,Violent,Knife,Male,15,Male,27.0,1.0,Arrested
PK-000729,FIR-0096/2024,2024-12-12 05:56:33,2024-12-12,05:56:33,5,Thursday,December,2024,KPK,Peshawar,University Town,Main University Town Bazaar,University Town PS,34.00528,71.522031,Burglary,Property,Not Used,Male,33,Male,40.0,2.0,Pending
PK-000730,FIR-0062/2024,2024-12-12 11:28:43,2024-12-12,11:28:43,11,Thursday,December,2024,Punjab,Faisalabad,City Center,City Center Park area,City Center PS,31.440079,73.131205,Drug Possession,Drug,Not Used,Male,70,Male,29.0,1.0,Under Investigation
PK-000731,FIR-0060/2024,2024-12-12 13:39:53,2024-12-12,13:39:53,13,Thursday,December,2024,Punjab,Rawalpindi,Saddar,"Block 11, Saddar",Saddar PS,33.543343,73.018484,Theft,Property,Not Used,Male,21,Male,28.0,1.0,Pending
PK-000732,FIR-0042/2024,2024-12-15 02:54:53,2024-12-15,02:54:53,2,Sunday,December,2024,Punjab,Multan,Basti Malook,"Block 8, Basti Malook",Sadar PS,30.212218,71.426693,Hurt / Assault,Violent,Firearm,Male,37,Male,28.0,1.0,Arrested
PK-000733,FIR-0047/2024,2024-12-15 14:31:27,2024-12-15,14:31:27,14,Sunday,December,2024,Punjab,Lahore,Iqbal Town,Iqbal Town Market,Iqbal Town PS,31.504013,74.283448,Hurt / Assault,Violent,Not Used,Male,34,Male,36.0,1.0,Arrested
PK-000734,FIR-0017/2024,2024-12-15 21:24:30,2024-12-15,21:24:30,21,Sunday,December,2024,Punjab,Multan,Gulgasht Colony,Gulgasht Colony Market,Gulgasht PS,30.252993,71.511383,Cattle Theft,Property,Not Used,Male,30,Unknown,,,Pending
PK-000735,FIR-0014/2024,2024-12-19 21:54:46,2024-12-19,21:54:46,21,Thursday,December,2024,Punjab,Multan,New Multan,New Multan Market,New Multan PS,30.217398,71.477213,Burglary,Property,Not Used,Female,34,Male,37.0,1.0,Under Investigation
PK-000736,FIR-0021/2024,2024-12-20 12:10:46,2024-12-20,12:10:46,12,Friday,December,2024,KPK,Swat,Cantt,Near Cantt Chowk,Cantt PS,35.229928,72.399937,Hurt / Assault,Violent,Not Used,Female,43,Male,31.0,2.0,Arrested
PK-000737,FIR-0110/2024,2024-12-21 20:23:25,2024-12-21,20:23:25,20,Saturday,December,2024,Punjab,Faisalabad,City Center,City Center Market,City Center PS,31.491317,73.128635,Robbery,Property,Firearm,Male,12,Unknown,,,Pending
PK-000738,FIR-0003/2024,2024-12-23 16:16:07,2024-12-23,16:16:07,16,Monday,December,2024,Punjab,Multan,Gulgasht Colony,Main Gulgasht Colony Bazaar,Gulgasht PS,30.25313,71.504816,Robbery,Property,Firearm,Male,12,Unknown,,,Pending
PK-000739,FIR-0077/2024,2024-12-23 23:53:00,2024-12-23,23:53:00,23,Monday,December,2024,Sindh,Sukkur,Old City,Main Old City Bazaar,Old City PS,27.727011,68.872185,Hurt / Assault,Violent,Firearm,Male,16,Male,19.0,1.0,Arrested
PK-000740,FIR-0104/2024,2024-12-24 07:31:01,2024-12-24,07:31:01,7,Tuesday,December,2024,Punjab,Lahore,Model Town,"House #94, Model Town",Model Town PS,31.480486,74.316573,Cybercrime / Fraud,Cyber,Not Used,Female,38,Male,26.0,1.0,Pending
PK-000741,FIR-0040/2024,2024-12-24 13:59:42,2024-12-24,13:59:42,13,Tuesday,December,2024,Punjab,Multan,Mumtazabad,"House #761, Mumtazabad",Mumtazabad PS,30.175218,71.440018,Robbery,Property,Firearm,Male,43,Female,25.0,3.0,Arrested
PK-000742,FIR-0074/2024,2024-12-24 17:05:00,2024-12-24,17:05:00,17,Tuesday,December,2024,Punjab,Multan,Mumtazabad,Mumtazabad Park area,Mumtazabad PS,30.179029,71.445893,Theft,Property,Not Used,Male,46,Male,42.0,2.0,Under Investigation
PK-000743,FIR-0003/2024,2024-12-25 11:14:15,2024-12-25,11:14:15,11,Wednesday,December,2024,Punjab,Khanewal,Cantt,Cantt Service Road,Cantt PS,30.312478,71.911255,Hurt / Assault,Violent,Not Used,Male,32,Female,20.0,1.0,Arrested
PK-000744,FIR-0120/2024,2024-12-26 21:19:56,2024-12-26,21:19:56,21,Thursday,December,2024,Punjab,Multan,Northern Bypass,"Block 1, Northern Bypass",Cantt PS,30.258285,71.456003,Robbery,Property,Not Used,Male,19,Male,36.0,3.0,Under Investigation
PK-000745,FIR-0020/2024,2024-12-27 10:08:58,2024-12-27,10:08:58,10,Friday,December,2024,Punjab,Multan,Vehari Road,Vehari Road Market,Cantt PS,30.187765,71.51117,Attempted Murder,Violent,Firearm,Male,31,Female,37.0,1.0,Arrested
PK-000746,FIR-0028/2024,2024-12-31 03:24:35,2024-12-31,03:24:35,3,Tuesday,December,2024,Sindh,Hyderabad,University Town,Near University Town Chowk,University Town PS,25.401843,68.360097,Rape,Violent,Knife,Female,47,Male,28.0,1.0,Released on Bail
PK-000747,FIR-0071/2024,2024-12-31 03:27:19,2024-12-31,03:27:19,3,Tuesday,December,2024,Balochistan,Gwadar,University Town,"Plot 188, University Town",University Town PS,25.157753,62.30221,Murder,Violent,Firearm,Male,51,Unknown,,,Under Investigation
PK-000748,FIR-0109/2025,2025-01-01 13:02:33,2025-01-01,13:02:33,13,Wednesday,January,2025,KPK,Swat,Airport Road,Airport Road Bus Stop,Airport Road PS,35.22537,72.415472,Motor Vehicle Theft,Property,Not Used,Female,20,Male,36.0,1.0,Pending
PK-000749,FIR-0016/2025,2025-01-03 16:57:45,2025-01-03,16:57:45,16,Friday,January,2025,Punjab,Multan,Chungi No. 9,Near Chungi No. 9 Chowk,New Multan PS,30.207813,71.458466,Murder,Violent,Strangulation,Male,15,Male,29.0,1.0,Arrested
PK-000750,FIR-0090/2025,2025-01-03 23:40:16,2025-01-03,23:40:16,23,Friday,January,2025,Punjab,Faisalabad,Cantt,Cantt Market,Cantt PS,31.433414,73.162419,Motor Vehicle Theft,Property,Not Used,Female,5,Male,21.0,3.0,Under Investigation
PK-000751,FIR-0021/2025,2025-01-06 13:15:44,2025-01-06,13:15:44,13,Monday,January,2025,Sindh,Karachi,Clifton,Near Clifton Petrol Pump,Clifton PS,24.811103,67.038036,Theft,Property,Not Used,Male,46,Unknown,,,Under Investigation
PK-000752,FIR-0033/2025,2025-01-06 20:01:34,2025-01-06,20:01:34,20,Monday,January,2025,Punjab,Multan,Gulgasht Colony,"Plot 101, Gulgasht Colony",Gulgasht PS,30.24965,71.507301,Robbery,Property,Firearm,Female,19,Unknown,,,Pending
PK-000753,FIR-0036/2025,2025-01-07 08:44:41,2025-01-07,08:44:41,8,Tuesday,January,2025,KPK,Swat,Industrial Area,Main Industrial Area Bazaar,Industrial Area PS,35.230822,72.400469,Hurt / Assault,Violent,Firearm,Female,51,Male,14.0,1.0,Released on Bail
PK-000754,FIR-0060/2025,2025-01-09 09:27:46,2025-01-09,09:27:46,9,Thursday,January,2025,Punjab,Multan,Chungi No. 14,Chungi No. 14 Park area,New Multan PS,30.215093,71.47492,Drug Possession,Drug,Not Used,Female,22,Female,23.0,2.0,Under Investigation
PK-000755,FIR-0115/2025,2025-01-10 00:44:59,2025-01-10,00:44:59,0,Friday,January,2025,Punjab,Sialkot,City Center,City Center Bus Stop,City Center PS,32.503083,74.492551,Motor Vehicle Theft,Property,Not Used,Female,48,Unknown,,,Pending
PK-000756,FIR-0011/2025,2025-01-11 09:35:19,2025-01-11,09:35:19,9,Saturday,January,2025,Punjab,Multan,Shujabad Road,Street near Shujabad Road Mosque,Mumtazabad PS,30.159617,71.486127,Rape,Violent,Knife,Male,11,Male,24.0,1.0,Arrested
PK-000757,FIR-0094/2025,2025-01-11 14:48:50,2025-01-11,14:48:50,14,Saturday,January,2025,Balochistan,Quetta,Model Town,Near Model Town Petrol Pump,Model Town PS,30.150681,66.976189,Hurt / Assault,Violent,Blunt Object,Male,5,Unknown,,,Pending
PK-000758,FIR-0079/2025,2025-01-12 00:09:14,2025-01-12,00:09:14,0,Sunday,January,2025,Punjab,Multan,Chowk Kumharanwala,Chowk Kumharanwala Market,City PS,30.206123,71.477656,Burglary,Property,Not Used,Female,29,Male,37.0,1.0,Arrested
PK-000759,FIR-0055/2025,2025-01-12 11:25:42,2025-01-12,11:25:42,11,Sunday,January,2025,Punjab,Multan,Qasim Bela,Qasim Bela Service Road,Sadar PS,30.173918,71.490038,Robbery,Property,Knife,Male,44,Male,19.0,1.0,Arrested
PK-000760,FIR-0059/2025,2025-01-12 12:12:09,2025-01-12,12:12:09,12,Sunday,January,2025,Sindh,Karachi,Lyari,Near Lyari Petrol Pump,Lyari PS,24.870872,67.023348,Theft,Property,Not Used,Female,27,Female,36.0,1.0,Released on Bail
PK-000761,FIR-0149/2025,2025-01-12 15:53:56,2025-01-12,15:53:56,15,Sunday,January,2025,Punjab,Lahore,Cantt,"House #301, Cantt",Cantt PS,31.533937,74.413513,Theft,Property,Not Used,Male,29,Unknown,,,Pending
PK-000762,FIR-0030/2025,2025-01-15 15:02:04,2025-01-15,15:02:04,15,Wednesday,January,2025,Punjab,Multan,Shalimar Colony,Street near Shalimar Colony Mosque,Bosan Road PS,30.237476,71.500307,Kidnapping / Abduction,Violent,Firearm,Male,5,Unknown,,,Under Investigation
PK-000763,FIR-0046/2025,2025-01-17 04:07:08,2025-01-17,04:07:08,4,Friday,January,2025,Balochistan,Quetta,Model Town,Street near Model Town Mosque,Model Town PS,30.167127,66.929865,Theft,Property,Not Used,Female,57,Male,40.0,1.0,Pending
PK-000764,FIR-0058/2025,2025-01-23 15:15:08,2025-01-23,15:15:08,15,Thursday,January,2025,Punjab,Faisalabad,Civil Lines,Civil Lines Market,Civil Lines PS,31.438727,73.108053,Burglary,Property,Not Used,Male,40,Male,23.0,1.0,Pending
PK-000765,FIR-0092/2025,2025-01-26 20:12:30,2025-01-26,20:12:30,20,Sunday,January,2025,Sindh,Hyderabad,Mall Road,Near Mall Road Petrol Pump,Mall Road PS,25.372526,68.373452,Theft,Property,Not Used,Female,14,Male,41.0,1.0,Arrested
PK-000766,FIR-0085/2025,2025-01-27 00:33:26,2025-01-27,00:33:26,0,Monday,January,2025,Punjab,Faisalabad,Old City,Near Old City Petrol Pump,Old City PS,31.430433,73.151422,Theft,Property,Not Used,Female,37,Unknown,,,Under Investigation
PK-000767,FIR-0005/2025,2025-01-27 21:52:47,2025-01-27,21:52:47,21,Monday,January,2025,Sindh,Karachi,Lyari,Lyari Park area,Lyari PS,24.871691,67.013031,Hurt / Assault,Violent,Blunt Object,Male,32,Male,44.0,2.0,Arrested
PK-000768,FIR-0066/2025,2025-01-29 18:39:49,2025-01-29,18:39:49,18,Wednesday,January,2025,KPK,Mardan,Mall Road,"Plot 374, Mall Road",Mall Road PS,34.169761,72.040461,Theft,Property,Not Used,Female,41,Male,28.0,1.0,Arrested
PK-000769,FIR-0036/2025,2025-01-30 09:21:46,2025-01-30,09:21:46,9,Thursday,January,2025,Punjab,Khanewal,Saddar,Saddar Park area,Saddar PS,30.318151,71.905769,Cybercrime / Fraud,Cyber,Not Used,Female,37,Female,35.0,2.0,Under Investigation
PK-000770,FIR-0019/2025,2025-01-30 21:06:10,2025-01-30,21:06:10,21,Thursday,January,2025,Punjab,Multan,Khanewal Road,"House #250, Khanewal Road",Khanewal Bypass PS,30.198355,71.544264,Dacoity,Violent,Firearm,Male,32,Unknown,,,Under Investigation
PK-000771,FIR-0023/2025,2025-02-01 21:35:53,2025-02-01,21:35:53,21,Saturday,February,2025,Punjab,Lahore,Township,Township Service Road,Township PS,31.44206,74.304967,Cattle Theft,Property,Not Used,Female,32,Male,15.0,3.0,Arrested
PK-000772,FIR-0111/2025,2025-02-02 21:28:09,2025-02-02,21:28:09,21,Sunday,February,2025,Sindh,Larkana,Old City,Old City Bus Stop,Old City PS,27.554493,68.23092,Burglary,Property,Not Used,Female,42,Unknown,,,Pending
PK-000773,FIR-0063/2025,2025-02-04 15:56:31,2025-02-04,15:56:31,15,Tuesday,February,2025,Punjab,Khanewal,Industrial Area,Industrial Area Bus Stop,Industrial Area PS,30.329001,71.96568,Motor Vehicle Theft,Property,Not Used,Male,32,Male,30.0,1.0,Arrested
PK-000774,FIR-0012/2025,2025-02-08 05:42:55,2025-02-08,05:42:55,5,Saturday,February,2025,Punjab,Multan,Qasim Bela,Main Qasim Bela Bazaar,Sadar PS,30.166246,71.48424,Attempted Murder,Violent,Knife,Female,36,Male,31.0,1.0,Arrested
PK-000775,FIR-0042/2025,2025-02-08 09:28:11,2025-02-08,09:28:11,9,Saturday,February,2025,Punjab,Lahore,Iqbal Town,Iqbal Town Service Road,Iqbal Town PS,31.496654,74.274372,Dacoity,Violent,Firearm,Male,27,Unknown,,,Pending
PK-000776,FIR-0096/2025,2025-02-09 22:35:56,2025-02-09,22:35:56,22,Sunday,February,2025,Punjab,Sialkot,Civil Lines,Near Civil Lines Chowk,Civil Lines PS,32.475243,74.532901,Burglary,Property,Not Used,Female,58,Male,39.0,3.0,Arrested
PK-000777,FIR-0036/2025,2025-02-09 22:47:37,2025-02-09,22:47:37,22,Sunday,February,2025,Punjab,Lahore,Walled City,"House #966, Walled City",Walled City PS,31.581778,74.318576,Theft,Property,Not Used,Female,62,Unknown,,,Pending
PK-000778,FIR-0041/2025,2025-02-10 05:57:53,2025-02-10,05:57:53,5,Monday,February,2025,Sindh,Karachi,North Nazimabad,North Nazimabad Bus Stop,North Nazimabad PS,24.942897,67.042153,Burglary,Property,Not Used,Female,41,Male,20.0,1.0,Pending
PK-000779,FIR-0015/2025,2025-02-10 21:13:56,2025-02-10,21:13:56,21,Monday,February,2025,Punjab,Lahore,Johar Town,Johar Town Service Road,Johar Town PS,31.469661,74.266456,Domestic Violence,Violent,Blunt Object,Female,23,Male,37.0,1.0,Released on Bail
PK-000780,FIR-0077/2025,2025-02-11 20:44:38,2025-02-11,20:44:38,20,Tuesday,February,2025,Punjab,Rawalpindi,University Town,Near University Town Chowk,University Town PS,33.530078,73.029571,Theft,Property,Not Used,Female,41,Unknown,,,Pending
PK-000781,FIR-0055/2025,2025-02-12 17:01:19,2025-02-12,17:01:19,17,Wednesday,February,2025,KPK,Abbottabad,Model Town,Near Model Town Chowk,Model Town PS,34.146523,73.220192,Motor Vehicle Theft,Property,Not Used,Female,30,Unknown,,,Pending
PK-000782,FIR-0021/2025,2025-02-14 03:52:27,2025-02-14,03:52:27,3,Friday,February,2025,Punjab,Multan,Old City,Old City Bus Stop,City PS,30.202036,71.469029,Motor Vehicle Theft,Property,Not Used,Female,58,Unknown,,,Pending
PK-000783,FIR-0032/2025,2025-02-15 08:04:46,2025-02-15,08:04:46,8,Saturday,February,2025,Punjab,Multan,Bahawalpur Road,"Plot 106, Bahawalpur Road",Mumtazabad PS,30.167198,71.480561,Drug Possession,Drug,Not Used,Male,46,Male,23.0,1.0,Arrested
PK-000784,FIR-0090/2025,2025-02-16 09:05:50,2025-02-16,09:05:50,9,Sunday,February,2025,Punjab,Rawalpindi,Saddar,"House #939, Saddar",Saddar PS,33.563561,72.998068,Kidnapping / Abduction,Violent,Firearm,Female,33,Male,44.0,5.0,Arrested
PK-000785,FIR-0031/2025,2025-02-17 13:52:24,2025-02-17,13:52:24,13,Monday,February,2025,Punjab,Multan,Bosan Road,Bosan Road Service Road,Bosan Road PS,30.241731,71.486423,Hurt / Assault,Violent,Knife,Male,43,Female,25.0,1.0,Arrested
PK-000786,FIR-0042/2025,2025-02-19 15:23:22,2025-02-19,15:23:22,15,Wednesday,February,2025,Punjab,Lahore,Johar Town,"Plot 10, Johar Town",Johar Town PS,31.467011,74.269416,Attempted Murder,Violent,Knife,Female,20,Male,20.0,1.0,Released on Bail
PK-000787,FIR-0017/2025,2025-02-19 19:33:28,2025-02-19,19:33:28,19,Wednesday,February,2025,Punjab,Multan,Shah Rukn-e-Alam Colony,"Sector B, Shah Rukn-e-Alam Colony",Shah Rukn-e-Alam PS,30.24278,71.473646,Domestic Violence,Violent,Blunt Object,Male,60,Unknown,,,Pending
PK-000788,FIR-0046/2025,2025-02-23 15:05:04,2025-02-23,15:05:04,15,Sunday,February,2025,KPK,Swat,Civil Lines,"Block 12, Civil Lines",Civil Lines PS,35.191304,72.417995,Rape,Violent,Not Used,Male,26,Male,33.0,1.0,Arrested
PK-000789,FIR-0099/2025,2025-02-23 23:13:29,2025-02-23,23:13:29,23,Sunday,February,2025,Punjab,Sialkot,University Town,University Town Park area,University Town PS,32.489003,74.518454,Burglary,Property,Not Used,Female,54,Unknown,,,Under Investigation
PK-000790,FIR-0017/2025,2025-02-26 08:16:49,2025-02-26,08:16:49,8,Wednesday,February,2025,Sindh,Hyderabad,Model Town,"Block 6, Model Town",Model Town PS,25.376128,68.360518,Theft,Property,Not Used,Female,36,Unknown,,,Pending
PK-000791,FIR-0105/2025,2025-03-02 20:12:24,2025-03-02,20:12:24,20,Sunday,March,2025,Punjab,Multan,Vehari Road,Vehari Road Service Road,Cantt PS,30.182607,71.504232,Rape,Violent,Knife,Male,33,Male,35.0,1.0,Pending
PK-000792,FIR-0021/2025,2025-03-03 18:42:27,2025-03-03,18:42:27,18,Monday,March,2025,Punjab,Multan,Shah Shams Colony,Shah Shams Colony Service Road,Shah Shams PS,30.194583,71.470931,Rape,Violent,Not Used,Female,58,Male,31.0,1.0,Pending
PK-000793,FIR-0070/2025,2025-03-05 16:16:51,2025-03-05,16:16:51,16,Wednesday,March,2025,Punjab,Multan,Chungi No. 14,Near Chungi No. 14 Chowk,New Multan PS,30.214173,71.457985,Theft,Property,Not Used,Male,15,Male,36.0,1.0,Under Investigation
PK-000794,FIR-0202/2025,2025-03-05 23:51:48,2025-03-05,23:51:48,23,Wednesday,March,2025,Punjab,Lahore,Cantt,"Block 9, Cantt",Cantt PS,31.524347,74.417398,Hurt / Assault,Violent,Blunt Object,Female,25,Male,36.0,2.0,Released on Bail
PK-000795,FIR-0090/2025,2025-03-08 04:23:10,2025-03-08,04:23:10,4,Saturday,March,2025,ICT,Islamabad,University Town,University Town Market,University Town PS,33.672518,73.012686,Motor Vehicle Theft,Property,Not Used,Male,56,Male,32.0,1.0,Pending
PK-000796,FIR-0022/2025,2025-03-10 09:01:56,2025-03-10,09:01:56,9,Monday,March,2025,Punjab,Multan,Mumtazabad,"Block 2, Mumtazabad",Mumtazabad PS,30.176158,71.443951,Attempted Murder,Violent,Knife,Male,56,Female,39.0,1.0,Arrested
PK-000797,FIR-0132/2025,2025-03-11 01:00:24,2025-03-11,01:00:24,1,Tuesday,March,2025,Punjab,Multan,Multan Cantt,Street near Multan Cantt Mosque,Cantt PS,30.208561,71.436038,Theft,Property,Not Used,Male,37,Unknown,,,Pending
PK-000798,FIR-0074/2025,2025-03-11 23:17:34,2025-03-11,23:17:34,23,Tuesday,March,2025,KPK,Mardan,Old City,Main Old City Bazaar,Old City PS,34.180516,72.021894,Motor Vehicle Theft,Property,Not Used,Male,35,Unknown,,,Under Investigation
PK-000799,FIR-0006/2025,2025-03-16 20:35:25,2025-03-16,20:35:25,20,Sunday,March,2025,Punjab,Lahore,Model Town,Model Town Bus Stop,Model Town PS,31.478057,74.315482,Theft,Property,Not Used,Male,37,Unknown,,,Under Investigation
PK-000800,FIR-0023/2025,2025-03-17 03:14:02,2025-03-17,03:14:02,3,Monday,March,2025,Sindh,Karachi,DHA Karachi,DHA Karachi Park area,DHA Karachi PS,24.799977,67.058668,Dacoity,Violent,Knife,Male,17,Male,39.0,3.0,Under Investigation
PK-000801,FIR-0060/2025,2025-03-18 08:37:36,2025-03-18,08:37:36,8,Tuesday,March,2025,Sindh,Karachi,Saddar,"Block 12, Saddar",Saddar PS,24.859763,67.027851,Attempted Murder,Violent,Blunt Object,Male,34,Female,26.0,1.0,Under Investigation
PK-000802,FIR-0167/2025,2025-03-18 19:06:50,2025-03-18,19:06:50,19,Tuesday,March,2025,Punjab,Bahawalpur,Cantt,Cantt Bus Stop,Cantt PS,29.389704,71.700085,Theft,Property,Not Used,Female,31,Male,50.0,1.0,Arrested
PK-000803,FIR-0066/2025,2025-03-19 14:36:43,2025-03-19,14:36:43,14,Wednesday,March,2025,Punjab,Gujranwala,Saddar,Saddar Park area,Saddar PS,32.212935,74.169753,Rape,Violent,Not Used,Female,27,Male,34.0,2.0,Arrested
PK-000804,FIR-0001/2025,2025-03-21 19:07:14,2025-03-21,19:07:14,19,Friday,March,2025,Punjab,Multan,Qasim Bela,Qasim Bela Park area,Sadar PS,30.174678,71.496358,Rape,Violent,Knife,Male,45,Male,18.0,1.0,Pending
PK-000805,FIR-0082/2025,2025-03-26 13:07:08,2025-03-26,13:07:08,13,Wednesday,March,2025,Punjab,Faisalabad,Old City,Old City Service Road,Old City PS,31.446364,73.110363,Theft,Property,Not Used,Female,34,Male,35.0,1.0,Arrested
PK-000806,FIR-0023/2025,2025-03-27 04:33:53,2025-03-27,04:33:53,4,Thursday,March,2025,Punjab,Multan,Old City,Old City Park area,City PS,30.190782,71.468609,Motor Vehicle Theft,Property,Not Used,Male,39,Male,31.0,1.0,Pending
PK-000807,FIR-0066/2025,2025-03-27 20:33:04,2025-03-27,20:33:04,20,Thursday,March,2025,Sindh,Karachi,Lyari,Lyari Bus Stop,Lyari PS,24.869822,67.01243,Domestic Violence,Violent,Blunt Object,Female,26,Male,22.0,1.0,Arrested
PK-000808,FIR-0031/2025,2025-03-29 19:25:54,2025-03-29,19:25:54,19,Saturday,March,2025,KPK,Mardan,Model Town,Model Town Market,Model Town PS,34.197534,72.017832,Theft,Property,Not Used,Female,30,Unknown,,,Pending
PK-000809,FIR-0163/2025,2025-04-01 17:16:48,2025-04-01,17:16:48,17,Tuesday,April,2025,Punjab,Multan,Northern Bypass,Northern Bypass Service Road,Cantt PS,30.256358,71.445351,Theft,Property,Not Used,Male,37,Male,34.0,1.0,Under Investigation
PK-000810,FIR-0032/2025,2025-04-01 20:28:06,2025-04-01,20:28:06,20,Tuesday,April,2025,Punjab,Lahore,Township,Near Township Chowk,Township PS,31.448108,74.31376,Robbery,Property,Knife,Male,48,Male,38.0,1.0,Under Investigation
PK-000811,FIR-0040/2025,2025-04-02 14:37:08,2025-04-02,14:37:08,14,Wednesday,April,2025,KPK,Peshawar,Old City,Old City Service Road,Old City PS,33.998254,71.523303,Domestic Violence,Violent,Blunt Object,Male,26,Male,14.0,2.0,Pending
PK-000812,FIR-0031/2025,2025-04-03 04:03:33,2025-04-03,04:03:33,4,Thursday,April,2025,Sindh,Hyderabad,Old City,"Block 1, Old City",Old City PS,25.393378,68.346249,Hurt / Assault,Violent,Blunt Object,Male,44,Male,25.0,1.0,Pending
PK-000813,FIR-0017/2025,2025-04-05 10:56:09,2025-04-05,10:56:09,10,Saturday,April,2025,Sindh,Karachi,Gulshan-e-Iqbal,"Sector D, Gulshan-e-Iqbal",Gulshan-e-Iqbal PS,24.918262,67.103547,Drug Possession,Drug,Not Used,Male,25,Male,24.0,1.0,Arrested
PK-000814,FIR-0012/2025,2025-04-07 14:23:55,2025-04-07,14:23:55,14,Monday,April,2025,Punjab,Lahore,Shadman,Shadman Park area,Shadman PS,31.540444,74.340923,Burglary,Property,Not Used,Male,49,Male,38.0,1.0,Pending
PK-000815,FIR-0016/2025,2025-04-07 14:43:53,2025-04-07,14:43:53,14,Monday,April,2025,KPK,Peshawar,University Town,"Block 6, University Town",University Town PS,34.010669,71.501361,Theft,Property,Not Used,Male,60,Female,23.0,1.0,Pending
PK-000816,FIR-0016/2025,2025-04-08 17:40:06,2025-04-08,17:40:06,17,Tuesday,April,2025,Sindh,Karachi,Korangi,Near Korangi Chowk,Korangi PS,24.849622,67.158709,Drug Possession,Drug,Not Used,Female,41,Male,15.0,1.0,Released on Bail
PK-000817,FIR-0016/2025,2025-04-09 15:53:22,2025-04-09,15:53:22,15,Wednesday,April,2025,Punjab,Lahore,Walled City,Near Walled City Petrol Pump,Walled City PS,31.588992,74.309195,Theft,Property,Not Used,Female,49,Male,22.0,1.0,Under Investigation
PK-000818,FIR-0049/2025,2025-04-11 22:16:33,2025-04-11,22:16:33,22,Friday,April,2025,Sindh,Karachi,Lyari,"Sector B, Lyari",Lyari PS,24.870184,67.016635,Theft,Property,Not Used,Female,44,Unknown,,,Pending
PK-000819,FIR-0038/2025,2025-04-12 19:45:23,2025-04-12,19:45:23,19,Saturday,April,2025,Punjab,Lahore,Township,Street near Township Mosque,Township PS,31.45569,74.30302,Hurt / Assault,Violent,Firearm,Female,8,Male,15.0,1.0,Arrested
PK-000820,FIR-0033/2025,2025-04-17 19:12:27,2025-04-17,19:12:27,19,Thursday,April,2025,Punjab,Lahore,Iqbal Town,Iqbal Town Bus Stop,Iqbal Town PS,31.503444,74.277104,Burglary,Property,Not Used,Male,58,Unknown,,,Under Investigation
PK-000821,FIR-0023/2025,2025-04-18 09:44:55,2025-04-18,09:44:55,9,Friday,April,2025,Punjab,Lahore,Gulberg,Gulberg Bus Stop,Gulberg PS,31.518126,74.355654,Drug Possession,Drug,Not Used,Male,47,Male,48.0,1.0,Under Investigation
PK-000822,FIR-0052/2025,2025-04-21 11:26:42,2025-04-21,11:26:42,11,Monday,April,2025,Punjab,Bahawalpur,Cantt,Cantt Park area,Cantt PS,29.391806,71.700592,Kidnapping / Abduction,Violent,Firearm,Male,5,Male,47.0,5.0,Pending
PK-000823,FIR-0013/2025,2025-04-23 05:42:45,2025-04-23,05:42:45,5,Wednesday,April,2025,Punjab,Lahore,Iqbal Town,Main Iqbal Town Bazaar,Iqbal Town PS,31.504502,74.279625,Burglary,Property,Not Used,Male,50,Unknown,,,Pending
PK-000824,FIR-0023/2025,2025-04-23 10:40:50,2025-04-23,10:40:50,10,Wednesday,April,2025,Sindh,Karachi,Saddar,"Sector B, Saddar",Saddar PS,24.860912,67.020515,Cybercrime / Fraud,Cyber,Not Used,Female,42,Male,25.0,1.0,Pending
PK-000825,FIR-0028/2025,2025-04-24 02:28:18,2025-04-24,02:28:18,2,Thursday,April,2025,ICT,Islamabad,Industrial Area,"Plot 100, Industrial Area",Industrial Area PS,33.693228,73.06496,Theft,Property,Not Used,Male,31,Male,14.0,1.0,Under Investigation
PK-000826,FIR-0061/2025,2025-04-28 17:53:45,2025-04-28,17:53:45,17,Monday,April,2025,KPK,Peshawar,Industrial Area,Industrial Area Park area,Industrial Area PS,34.023049,71.505007,Robbery,Property,Not Used,Male,21,Female,27.0,2.0,Released on Bail
PK-000827,FIR-0007/2025,2025-04-29 18:13:55,2025-04-29,18:13:55,18,Tuesday,April,2025,Sindh,Karachi,Gulshan-e-Iqbal,"House #817, Gulshan-e-Iqbal",Gulshan-e-Iqbal PS,24.920977,67.093537,Robbery,Property,Firearm,Male,29,Male,17.0,3.0,Pending
PK-000828,FIR-0024/2025,2025-05-01 11:47:47,2025-05-01,11:47:47,11,Thursday,May,2025,Punjab,Lahore,Township,Township Park area,Township PS,31.449612,74.300148,Theft,Property,Not Used,Male,14,Male,18.0,1.0,Pending
PK-000829,FIR-0096/2025,2025-05-03 08:37:36,2025-05-03,08:37:36,8,Saturday,May,2025,Punjab,Multan,DHA Multan,DHA Multan Market,Cantt PS,30.221129,71.413242,Theft,Property,Not Used,Male,18,Male,41.0,1.0,Pending
PK-000830,FIR-0012/2025,2025-05-03 18:40:36,2025-05-03,18:40:36,18,Saturday,May,2025,Punjab,Lahore,DHA Lahore,DHA Lahore Market,DHA Lahore PS,31.470662,74.421042,Robbery,Property,Firearm,Female,8,Male,26.0,4.0,Arrested
PK-000831,FIR-0015/2025,2025-05-07 19:23:09,2025-05-07,19:23:09,19,Wednesday,May,2025,Punjab,Multan,Mumtazabad,Mumtazabad Market,Mumtazabad PS,30.180915,71.45752,Drug Possession,Drug,Not Used,Male,39,Male,27.0,1.0,Released on Bail
PK-000832,FIR-0035/2025,2025-05-07 21:59:33,2025-05-07,21:59:33,21,Wednesday,May,2025,Sindh,Karachi,Korangi,"Sector C, Korangi",Korangi PS,24.845773,67.150065,Hurt / Assault,Violent,Blunt Object,Male,24,Male,24.0,1.0,Arrested
PK-000833,FIR-0006/2025,2025-05-11 06:50:09,2025-05-11,06:50:09,6,Sunday,May,2025,Punjab,Lahore,Township,"House #159, Township",Township PS,31.44942,74.314489,Theft,Property,Not Used,Female,33,Unknown,,,Pending
PK-000834,FIR-0133/2025,2025-05-11 16:58:36,2025-05-11,16:58:36,16,Sunday,May,2025,Punjab,Multan,Multan Cantt,"Plot 31, Multan Cantt",Cantt PS,30.206111,71.437556,Kidnapping / Abduction,Violent,Firearm,Male,34,Male,29.0,2.0,Under Investigation
PK-000835,FIR-0100/2025,2025-05-12 00:46:57,2025-05-12,00:46:57,0,Monday,May,2025,KPK,Mardan,Saddar,Street near Saddar Mosque,Saddar PS,34.191635,71.994232,Dacoity,Violent,Knife,Male,32,Male,14.0,3.0,Pending
PK-000836,FIR-0114/2025,2025-05-12 01:50:15,2025-05-12,01:50:15,1,Monday,May,2025,Balochistan,Gwadar,City Center,"House #889, City Center",City Center PS,25.121512,62.327216,Theft,Property,Not Used,Male,19,Male,20.0,1.0,Arrested
PK-000837,FIR-0143/2025,2025-05-12 08:11:49,2025-05-12,08:11:49,8,Monday,May,2025,Punjab,Sialkot,Airport Road,Near Airport Road Petrol Pump,Airport Road PS,32.519102,74.47864,Hurt / Assault,Violent,Knife,Male,28,Male,14.0,1.0,Arrested
PK-000838,FIR-0017/2025,2025-05-14 11:26:42,2025-05-14,11:26:42,11,Wednesday,May,2025,Punjab,Lahore,Township,Township Service Road,Township PS,31.456799,74.304776,Drug Possession,Drug,Not Used,Male,22,Male,15.0,2.0,Released on Bail
PK-000839,FIR-0007/2025,2025-05-14 20:39:13,2025-05-14,20:39:13,20,Wednesday,May,2025,Sindh,Karachi,DHA Karachi,"Block 2, DHA Karachi",DHA Karachi PS,24.794249,67.055161,Robbery,Property,Not Used,Female,35,Unknown,,,Pending
PK-000840,FIR-0034/2025,2025-05-14 20:51:56,2025-05-14,20:51:56,20,Wednesday,May,2025,Punjab,Sahiwal,Mall Road,Mall Road Market,Mall Road PS,30.645815,73.136439,Robbery,Property,Not Used,Male,47,Male,25.0,5.0,Pending
PK-000841,FIR-0040/2025,2025-05-17 22:48:32,2025-05-17,22:48:32,22,Saturday,May,2025,Sindh,Karachi,Saddar,Main Saddar Bazaar,Saddar PS,24.863564,67.030691,Theft,Property,Not Used,Female,31,Male,38.0,2.0,Pending
PK-000842,FIR-0018/2025,2025-05-19 19:35:41,2025-05-19,19:35:41,19,Monday,May,2025,Punjab,Lahore,Shadman,"Sector D, Shadman",Shadman PS,31.539846,74.323072,Theft,Property,Not Used,Male,23,Male,40.0,1.0,Under Investigation
PK-000843,FIR-0056/2025,2025-05-23 14:14:05,2025-05-23,14:14:05,14,Friday,May,2025,Punjab,Sahiwal,Old City,"Plot 235, Old City",Old City PS,30.663926,73.093411,Hurt / Assault,Violent,Not Used,Male,14,Female,20.0,1.0,Pending
PK-000844,FIR-0098/2025,2025-05-24 03:39:32,2025-05-24,03:39:32,3,Saturday,May,2025,Punjab,Sargodha,Model Town,"Sector E, Model Town",Model Town PS,32.090751,72.632768,Motor Vehicle Theft,Property,Not Used,Female,34,Unknown,,,Pending
PK-000845,FIR-0026/2025,2025-05-24 11:36:48,2025-05-24,11:36:48,11,Saturday,May,2025,Punjab,Multan,Chowk Kumharanwala,"Plot 150, Chowk Kumharanwala",City PS,30.199644,71.470921,Hurt / Assault,Violent,Not Used,Male,50,Unknown,,,Pending
PK-000846,FIR-0083/2025,2025-05-29 03:01:18,2025-05-29,03:01:18,3,Thursday,May,2025,Punjab,Multan,Chungi No. 14,Street near Chungi No. 14 Mosque,New Multan PS,30.21216,71.463195,Dacoity,Violent,Firearm,Female,32,Male,32.0,3.0,Pending
PK-000847,FIR-0010/2025,2025-05-31 22:24:05,2025-05-31,22:24:05,22,Saturday,May,2025,Punjab,Lahore,Johar Town,Near Johar Town Petrol Pump,Johar Town PS,31.465705,74.275519,Motor Vehicle Theft,Property,Not Used,Male,29,Male,27.0,1.0,Released on Bail
PK-000848,FIR-0031/2025,2025-06-04 04:46:07,2025-06-04,04:46:07,4,Wednesday,June,2025,Sindh,Karachi,Gulshan-e-Iqbal,Gulshan-e-Iqbal Park area,Gulshan-e-Iqbal PS,24.920465,67.092728,Hurt / Assault,Violent,Firearm,Female,40,Male,36.0,1.0,Arrested
PK-000849,FIR-0061/2025,2025-06-07 21:22:15,2025-06-07,21:22:15,21,Saturday,June,2025,Punjab,Multan,Old City,"Plot 170, Old City",City PS,30.200807,71.476541,Theft,Property,Not Used,Female,32,Male,14.0,1.0,Pending
PK-000850,FIR-0200/2025,2025-06-08 18:49:57,2025-06-08,18:49:57,18,Sunday,June,2025,Punjab,Lahore,Cantt,"Block 9, Cantt",Cantt PS,31.518818,74.416317,Drug Possession,Drug,Not Used,Female,35,Female,31.0,1.0,Arrested
PK-000851,FIR-0082/2025,2025-06-08 21:46:03,2025-06-08,21:46:03,21,Sunday,June,2025,Balochistan,Quetta,Model Town,Near Model Town Petrol Pump,Model Town PS,30.161388,67.001731,Theft,Property,Not Used,Male,42,Unknown,,,Pending
PK-000852,FIR-0026/2025,2025-06-09 19:26:09,2025-06-09,19:26:09,19,Monday,June,2025,Punjab,Lahore,Walled City,Walled City Market,Walled City PS,31.579187,74.311616,Theft,Property,Not Used,Female,38,Unknown,,,Under Investigation
PK-000853,FIR-0021/2025,2025-06-10 15:59:33,2025-06-10,15:59:33,15,Tuesday,June,2025,Punjab,Gujranwala,Saddar,Near Saddar Petrol Pump,Saddar PS,32.202328,74.206308,Cybercrime / Fraud,Cyber,Not Used,Female,33,Male,30.0,3.0,Pending
PK-000854,FIR-0005/2025,2025-06-17 12:02:46,2025-06-17,12:02:46,12,Tuesday,June,2025,Punjab,Faisalabad,Industrial Area,Industrial Area Service Road,Industrial Area PS,31.48229,73.118061,Theft,Property,Not Used,Male,21,Male,14.0,1.0,Arrested
PK-000855,FIR-0028/2025,2025-06-18 22:14:47,2025-06-18,22:14:47,22,Wednesday,June,2025,Punjab,Multan,Model Town,"Block 9, Model Town",Gulgasht PS,30.252824,71.515366,Theft,Property,Not Used,Female,33,Male,23.0,1.0,Pending
PK-000856,FIR-0065/2025,2025-06-21 03:21:41,2025-06-21,03:21:41,3,Saturday,June,2025,Punjab,Multan,Chungi No. 14,"Plot 374, Chungi No. 14",New Multan PS,30.215431,71.466358,Motor Vehicle Theft,Property,Not Used,Male,52,Unknown,,,Pending
PK-000857,FIR-0047/2025,2025-06-21 23:37:04,2025-06-21,23:37:04,23,Saturday,June,2025,KPK,Peshawar,University Town,University Town Bus Stop,University Town PS,34.009426,71.551227,Burglary,Property,Not Used,Male,5,Male,18.0,1.0,Pending
PK-000858,FIR-0018/2025,2025-06-24 17:32:37,2025-06-24,17:32:37,17,Tuesday,June,2025,Sindh,Karachi,North Nazimabad,Street near North Nazimabad Mosque,North Nazimabad PS,24.937661,67.046374,Theft,Property,Not Used,Female,47,Male,27.0,1.0,Pending
PK-000859,FIR-0052/2025,2025-06-24 18:25:35,2025-06-24,18:25:35,18,Tuesday,June,2025,Punjab,Multan,Chowk Kumharanwala,"Sector D, Chowk Kumharanwala",City PS,30.205354,71.477583,Kidnapping / Abduction,Violent,Firearm,Male,38,Male,30.0,4.0,Released on Bail
PK-000860,FIR-0215/2025,2025-06-26 14:16:53,2025-06-26,14:16:53,14,Thursday,June,2025,Balochistan,Quetta,Cantt,"House #187, Cantt",Cantt PS,30.186041,67.023373,Theft,Property,Not Used,Male,42,Unknown,,,Pending
PK-000861,FIR-0008/2025,2025-06-27 23:49:34,2025-06-27,23:49:34,23,Friday,June,2025,Punjab,Multan,Shah Shams Colony,Near Shah Shams Colony Chowk,Shah Shams PS,30.19621,71.479097,Burglary,Property,Not Used,Male,33,Unknown,,,Under Investigation
PK-000862,FIR-0092/2025,2025-06-29 18:55:16,2025-06-29,18:55:16,18,Sunday,June,2025,Punjab,Rawalpindi,Model Town,Street near Model Town Mosque,Model Town PS,33.540129,73.012215,Theft,Property,Not Used,Male,38,Female,23.0,2.0,Pending
PK-000863,FIR-0088/2025,2025-06-30 02:33:05,2025-06-30,02:33:05,2,Monday,June,2025,Punjab,Multan,Chungi No. 9,Chungi No. 9 Service Road,New Multan PS,30.207221,71.466612,Motor Vehicle Theft,Property,Not Used,Female,35,Unknown,,,Pending
PK-000864,FIR-0075/2025,2025-07-02 15:41:00,2025-07-02,15:41:00,15,Wednesday,July,2025,Punjab,Multan,Mumtazabad,"Block 2, Mumtazabad",Mumtazabad PS,30.190512,71.452077,Cybercrime / Fraud,Cyber,Not Used,Male,59,Unknown,,,Pending
PK-000865,FIR-0031/2025,2025-07-03 19:08:38,2025-07-03,19:08:38,19,Thursday,July,2025,Punjab,Multan,Shah Shams Colony,Shah Shams Colony Service Road,Shah Shams PS,30.19113,71.474335,Domestic Violence,Violent,Not Used,Male,56,Male,38.0,1.0,Arrested
PK-000866,FIR-0020/2025,2025-07-04 09:19:13,2025-07-04,09:19:13,9,Friday,July,2025,Punjab,Multan,Bahawalpur Road,Near Bahawalpur Road Petrol Pump,Mumtazabad PS,30.170517,71.477867,Cybercrime / Fraud,Cyber,Not Used,Female,55,Unknown,,,Pending
PK-000867,FIR-0092/2025,2025-07-06 11:26:21,2025-07-06,11:26:21,11,Sunday,July,2025,Punjab,Multan,Chungi No. 9,Street near Chungi No. 9 Mosque,New Multan PS,30.205015,71.466417,Theft,Property,Not Used,Male,41,Male,25.0,1.0,Arrested
PK-000868,FIR-0054/2025,2025-07-07 18:22:03,2025-07-07,18:22:03,18,Monday,July,2025,KPK,Peshawar,Civil Lines,Civil Lines Service Road,Civil Lines PS,33.982864,71.528039,Robbery,Property,Firearm,Female,28,Male,17.0,3.0,Pending
PK-000869,FIR-0116/2025,2025-07-10 01:45:02,2025-07-10,01:45:02,1,Thursday,July,2025,KPK,Mardan,City Center,"Block 12, City Center",City Center PS,34.171978,72.007478,Burglary,Property,Not Used,Male,25,Unknown,,,Under Investigation
PK-000870,FIR-0013/2025,2025-07-10 04:40:35,2025-07-10,04:40:35,4,Thursday,July,2025,Punjab,Multan,Basti Malook,"Plot 75, Basti Malook",Sadar PS,30.214364,71.42866,Dacoity,Violent,Firearm,Male,30,Male,31.0,4.0,Released on Bail
PK-000871,FIR-0065/2025,2025-07-10 17:19:41,2025-07-10,17:19:41,17,Thursday,July,2025,Sindh,Hyderabad,University Town,University Town Market,University Town PS,25.398081,68.398495,Kidnapping / Abduction,Violent,Firearm,Male,46,Unknown,,,Pending
PK-000872,FIR-0145/2025,2025-07-11 09:53:15,2025-07-11,09:53:15,9,Friday,July,2025,KPK,Peshawar,Airport Road,Main Airport Road Bazaar,Airport Road PS,34.01337,71.495982,Motor Vehicle Theft,Property,Not Used,Male,17,Unknown,,,Pending
PK-000873,FIR-0084/2025,2025-07-11 20:11:13,2025-07-11,20:11:13,20,Friday,July,2025,KPK,Abbottabad,University Town,Main University Town Bazaar,University Town PS,34.166428,73.225516,Hurt / Assault,Violent,Not Used,Female,35,Unknown,,,Under Investigation
PK-000874,FIR-0020/2025,2025-07-13 18:37:48,2025-07-13,18:37:48,18,Sunday,July,2025,Punjab,Multan,Buch Villas,"Block 3, Buch Villas",Bosan Road PS,30.252291,71.497557,Theft,Property,Not Used,Male,30,Male,31.0,1.0,Under Investigation
PK-000875,FIR-0024/2025,2025-07-14 20:19:59,2025-07-14,20:19:59,20,Monday,July,2025,Sindh,Karachi,DHA Karachi,DHA Karachi Bus Stop,DHA Karachi PS,24.794909,67.052479,Cybercrime / Fraud,Cyber,Not Used,Male,28,Male,27.0,1.0,Under Investigation
PK-000876,FIR-0036/2025,2025-07-15 11:13:19,2025-07-15,11:13:19,11,Tuesday,July,2025,Punjab,Lahore,Iqbal Town,Near Iqbal Town Petrol Pump,Iqbal Town PS,31.49717,74.282386,Theft,Property,Not Used,Male,11,Unknown,,,Under Investigation
PK-000877,FIR-0063/2025,2025-07-18 18:01:58,2025-07-18,18:01:58,18,Friday,July,2025,Sindh,Karachi,Korangi,Near Korangi Petrol Pump,Korangi PS,24.84409,67.158604,Motor Vehicle Theft,Property,Not Used,Male,18,Male,14.0,1.0,Pending
PK-000878,FIR-0098/2025,2025-07-19 20:48:43,2025-07-19,20:48:43,20,Saturday,July,2025,Punjab,Gujranwala,Cantt,Near Cantt Petrol Pump,Cantt PS,32.179905,74.196676,Robbery,Property,Not Used,Male,20,Female,25.0,4.0,Pending
PK-000879,FIR-0017/2025,2025-07-21 17:22:16,2025-07-21,17:22:16,17,Monday,July,2025,Sindh,Karachi,DHA Karachi,DHA Karachi Service Road,DHA Karachi PS,24.795125,67.057945,Theft,Property,Not Used,Male,14,Male,33.0,1.0,Pending
PK-000880,FIR-0049/2025,2025-07-22 16:16:00,2025-07-22,16:16:00,16,Tuesday,July,2025,Punjab,Faisalabad,Industrial Area,Near Industrial Area Chowk,Industrial Area PS,31.442532,73.152934,Theft,Property,Not Used,Female,25,Unknown,,,Pending
PK-000881,FIR-0017/2025,2025-07-23 23:09:48,2025-07-23,23:09:48,23,Wednesday,July,2025,Sindh,Hyderabad,City Center,"Plot 366, City Center",City Center PS,25.408649,68.348316,Burglary,Property,Not Used,Female,24,Unknown,,,Under Investigation
PK-000882,FIR-0019/2025,2025-07-24 12:50:10,2025-07-24,12:50:10,12,Thursday,July,2025,Punjab,Khanewal,Saddar,Saddar Bus Stop,Saddar PS,30.308132,71.967099,Robbery,Property,Firearm,Female,35,Male,29.0,4.0,Arrested
PK-000883,FIR-0011/2025,2025-07-27 14:48:40,2025-07-27,14:48:40,14,Sunday,July,2025,Sindh,Karachi,Gulshan-e-Iqbal,"House #355, Gulshan-e-Iqbal",Gulshan-e-Iqbal PS,24.922029,67.096382,Drug Possession,Drug,Not Used,Male,39,Male,23.0,1.0,Arrested
PK-000884,FIR-0026/2025,2025-07-28 13:46:08,2025-07-28,13:46:08,13,Monday,July,2025,Punjab,Lahore,Gulberg,Street near Gulberg Mosque,Gulberg PS,31.516,74.354456,Robbery,Property,Not Used,Male,29,Male,36.0,2.0,Pending
PK-000885,FIR-0034/2025,2025-07-28 13:47:00,2025-07-28,13:47:00,13,Monday,July,2025,Punjab,Lahore,Gulberg,Near Gulberg Chowk,Gulberg PS,31.526118,74.365971,Hurt / Assault,Violent,Blunt Object,Female,37,Male,27.0,2.0,Pending
PK-000886,FIR-0085/2025,2025-07-28 15:37:32,2025-07-28,15:37:32,15,Monday,July,2025,KPK,Swat,Industrial Area,Industrial Area Market,Industrial Area PS,35.217497,72.450507,Theft,Property,Not Used,Female,40,Unknown,,,Pending
PK-000887,FIR-0043/2025,2025-07-31 12:44:30,2025-07-31,12:44:30,12,Thursday,July,2025,Punjab,Bahawalpur,Civil Lines,Near Civil Lines Petrol Pump,Civil Lines PS,29.401963,71.691873,Hurt / Assault,Violent,Not Used,Male,21,Male,28.0,1.0,Pending
PK-000888,FIR-0035/2025,2025-07-31 23:21:00,2025-07-31,23:21:00,23,Thursday,July,2025,KPK,Peshawar,Industrial Area,"House #242, Industrial Area",Industrial Area PS,34.02921,71.530019,Burglary,Property,Not Used,Male,10,Unknown,,,Under Investigation
PK-000889,FIR-0068/2025,2025-08-04 21:13:02,2025-08-04,21:13:02,21,Monday,August,2025,KPK,Peshawar,Saddar,"Plot 147, Saddar",Saddar PS,34.001187,71.506081,Theft,Property,Not Used,Male,42,Unknown,,,Pending
PK-000890,FIR-0098/2025,2025-08-07 13:50:15,2025-08-07,13:50:15,13,Thursday,August,2025,Punjab,Rawalpindi,Airport Road,Airport Road Park area,Airport Road PS,33.601369,73.027435,Theft,Property,Not Used,Female,61,Unknown,,,Pending
PK-000891,FIR-0192/2025,2025-08-07 18:41:20,2025-08-07,18:41:20,18,Thursday,August,2025,Punjab,Sialkot,Cantt,Cantt Market,Cantt PS,32.501056,74.512402,Murder,Violent,Firearm,Female,11,Male,27.0,1.0,Arrested
PK-000892,FIR-0027/2025,2025-08-09 15:34:14,2025-08-09,15:34:14,15,Saturday,August,2025,Punjab,Lahore,Gulberg,"Block 3, Gulberg",Gulberg PS,31.524119,74.357045,Robbery,Property,Knife,Male,38,Unknown,,,Pending
PK-000893,FIR-0059/2025,2025-08-09 21:33:17,2025-08-09,21:33:17,21,Saturday,August,2025,Punjab,Multan,Bahawalpur Road,Main Bahawalpur Road Bazaar,Mumtazabad PS,30.175962,71.48416,Theft,Property,Not Used,Male,54,Male,14.0,1.0,Arrested
PK-000894,FIR-0043/2025,2025-08-13 05:54:36,2025-08-13,05:54:36,5,Wednesday,August,2025,Punjab,Sialkot,Old City,Old City Bus Stop,Old City PS,32.495171,74.544688,Burglary,Property,Not Used,Female,33,Male,28.0,1.0,Under Investigation
PK-000895,FIR-0033/2025,2025-08-13 19:36:54,2025-08-13,19:36:54,19,Wednesday,August,2025,Punjab,Faisalabad,Mall Road,"Plot 313, Mall Road",Mall Road PS,31.471492,73.155495,Theft,Property,Not Used,Female,51,Unknown,,,Under Investigation
PK-000896,FIR-0034/2025,2025-08-16 06:04:30,2025-08-16,06:04:30,6,Saturday,August,2025,Punjab,Multan,Shujabad Road,Shujabad Road Service Road,Mumtazabad PS,30.154629,71.48959,Cybercrime / Fraud,Cyber,Not Used,Male,59,Unknown,,,Under Investigation
PK-000897,FIR-0059/2025,2025-08-16 23:06:17,2025-08-16,23:06:17,23,Saturday,August,2025,KPK,Mardan,Cantt,Cantt Market,Cantt PS,34.206766,72.045229,Rape,Violent,Not Used,Male,31,Male,17.0,2.0,Under Investigation
PK-000898,FIR-0115/2025,2025-08-19 02:36:05,2025-08-19,02:36:05,2,Tuesday,August,2025,Punjab,Bahawalpur,Airport Road,"Plot 310, Airport Road",Airport Road PS,29.379973,71.623413,Domestic Violence,Violent,Not Used,Female,22,Male,23.0,1.0,Arrested
PK-000899,FIR-0045/2025,2025-08-22 23:01:47,2025-08-22,23:01:47,23,Friday,August,2025,Sindh,Karachi,Gulshan-e-Iqbal,"Sector A, Gulshan-e-Iqbal",Gulshan-e-Iqbal PS,24.931351,67.099831,Theft,Property,Not Used,Female,14,Male,26.0,1.0,Arrested
PK-000900,FIR-0044/2025,2025-08-23 09:24:59,2025-08-23,09:24:59,9,Saturday,August,2025,Sindh,Karachi,Saddar,Near Saddar Chowk,Saddar PS,24.854165,67.019582,Robbery,Property,Knife,Male,31,Male,41.0,2.0,Under Investigation
PK-000901,FIR-0089/2025,2025-08-24 12:48:16,2025-08-24,12:48:16,12,Sunday,August,2025,Punjab,Multan,New Multan,"Block 9, New Multan",New Multan PS,30.233367,71.474872,Hurt / Assault,Violent,Knife,Male,11,Male,31.0,1.0,Under Investigation
PK-000902,FIR-0081/2025,2025-08-24 23:54:00,2025-08-24,23:54:00,23,Sunday,August,2025,KPK,Mardan,Civil Lines,Near Civil Lines Chowk,Civil Lines PS,34.170446,72.007983,Attempted Murder,Violent,Firearm,Male,49,Unknown,,,Under Investigation
PK-000903,FIR-0049/2025,2025-08-25 21:54:39,2025-08-25,21:54:39,21,Monday,August,2025,Punjab,Faisalabad,Mall Road,Mall Road Bus Stop,Mall Road PS,31.482877,73.095982,Burglary,Property,Not Used,Female,36,Unknown,,,Pending
PK-000904,FIR-0003/2025,2025-08-27 16:17:11,2025-08-27,16:17:11,16,Wednesday,August,2025,Sindh,Karachi,Malir,Malir Market,Malir PS,24.89767,67.208066,Robbery,Property,Knife,Male,33,Female,21.0,3.0,Pending
PK-000905,FIR-0013/2025,2025-08-27 19:30:18,2025-08-27,19:30:18,19,Wednesday,August,2025,Punjab,Lahore,Gulberg,Near Gulberg Petrol Pump,Gulberg PS,31.519725,74.355112,Hurt / Assault,Violent,Firearm,Male,19,Male,30.0,1.0,Released on Bail
PK-000906,FIR-0065/2025,2025-08-28 19:17:49,2025-08-28,19:17:49,19,Thursday,August,2025,Punjab,Multan,Chowk Kumharanwala,Chowk Kumharanwala Market,City PS,30.204123,71.463865,Theft,Property,Not Used,Male,17,Male,31.0,1.0,Pending
PK-000907,FIR-0002/2025,2025-08-30 05:17:38,2025-08-30,05:17:38,5,Saturday,August,2025,Sindh,Karachi,Lyari,Street near Lyari Mosque,Lyari PS,24.872854,67.017292,Burglary,Property,Not Used,Male,64,Unknown,,,Pending
PK-000908,FIR-0121/2025,2025-08-30 17:26:16,2025-08-30,17:26:16,17,Saturday,August,2025,Punjab,Rawalpindi,Model Town,"Sector E, Model Town",Model Town PS,33.57881,73.022983,Drug Possession,Drug,Not Used,Male,13,Male,20.0,2.0,Arrested
PK-000909,FIR-0072/2025,2025-09-02 14:47:00,2025-09-02,14:47:00,14,Tuesday,September,2025,Punjab,Khanewal,Model Town,Model Town Market,Model Town PS,30.282661,71.947604,Theft,Property,Not Used,Female,27,Male,30.0,2.0,Pending
PK-000910,FIR-0060/2025,2025-09-02 18:16:40,2025-09-02,18:16:40,18,Tuesday,September,2025,Sindh,Sukkur,City Center,City Center Market,City Center PS,27.700073,68.840763,Rape,Violent,Not Used,Female,48,Unknown,,,Under Investigation
PK-000911,FIR-0097/2025,2025-09-04 23:48:58,2025-09-04,23:48:58,23,Thursday,September,2025,Punjab,Faisalabad,Model Town,Main Model Town Bazaar,Model Town PS,31.475453,73.117815,Theft,Property,Not Used,Female,44,Unknown,,,Pending
PK-000912,FIR-0089/2025,2025-09-07 13:45:47,2025-09-07,13:45:47,13,Sunday,September,2025,Punjab,Sialkot,Model Town,Model Town Market,Model Town PS,32.488703,74.526565,Drug Possession,Drug,Not Used,Female,38,Male,36.0,1.0,Arrested
PK-000913,FIR-0033/2025,2025-09-12 15:26:06,2025-09-12,15:26:06,15,Friday,September,2025,Sindh,Karachi,North Nazimabad,"Block 8, North Nazimabad",North Nazimabad PS,24.945024,67.04168,Theft,Property,Not Used,Male,56,Male,43.0,2.0,Pending
PK-000914,FIR-0004/2025,2025-09-13 16:29:24,2025-09-13,16:29:24,16,Saturday,September,2025,Punjab,Sialkot,University Town,Street near University Town Mosque,University Town PS,32.515151,74.545434,Drug Possession,Drug,Not Used,Female,19,Male,24.0,1.0,Released on Bail
PK-000915,FIR-0012/2025,2025-09-14 16:59:56,2025-09-14,16:59:56,16,Sunday,September,2025,Punjab,Lahore,Gulberg,Main Gulberg Bazaar,Gulberg PS,31.516691,74.356791,Theft,Property,Not Used,Male,43,Male,31.0,2.0,Arrested
PK-000916,FIR-0070/2025,2025-09-15 14:46:42,2025-09-15,14:46:42,14,Monday,September,2025,Balochistan,Gwadar,University Town,University Town Bus Stop,University Town PS,25.14966,62.310103,Hurt / Assault,Violent,Not Used,Female,44,Male,22.0,2.0,Arrested
PK-000917,FIR-0038/2025,2025-09-16 19:22:40,2025-09-16,19:22:40,19,Tuesday,September,2025,Punjab,Sargodha,Airport Road,Main Airport Road Bazaar,Airport Road PS,32.07487,72.692534,Theft,Property,Not Used,Male,39,Unknown,,,Pending
PK-000918,FIR-0081/2025,2025-09-17 14:20:03,2025-09-17,14:20:03,14,Wednesday,September,2025,Punjab,Multan,Multan Cantt,Multan Cantt Park area,Cantt PS,30.20945,71.445538,Attempted Murder,Violent,Firearm,Female,58,Male,27.0,1.0,Pending
PK-000919,FIR-0003/2025,2025-09-17 20:30:22,2025-09-17,20:30:22,20,Wednesday,September,2025,ICT,Islamabad,Industrial Area,"Plot 359, Industrial Area",Industrial Area PS,33.720291,73.037548,Theft,Property,Not Used,Female,38,Unknown,,,Pending
PK-000920,FIR-0010/2025,2025-09-18 14:36:08,2025-09-18,14:36:08,14,Thursday,September,2025,Punjab,Lahore,Gulberg,Gulberg Bus Stop,Gulberg PS,31.515268,74.366647,Theft,Property,Not Used,Female,38,Unknown,,,Pending
PK-000921,FIR-0050/2025,2025-09-21 16:28:46,2025-09-21,16:28:46,16,Sunday,September,2025,Punjab,Multan,Mumtazabad,Mumtazabad Bus Stop,Mumtazabad PS,30.184896,71.45067,Cybercrime / Fraud,Cyber,Not Used,Female,28,Male,36.0,1.0,Pending
PK-000922,FIR-0099/2025,2025-09-21 20:15:25,2025-09-21,20:15:25,20,Sunday,September,2025,KPK,Peshawar,Saddar,Saddar Service Road,Saddar PS,33.988121,71.49512,Theft,Property,Not Used,Male,34,Male,21.0,1.0,Under Investigation
PK-000923,FIR-0195/2025,2025-09-22 14:26:58,2025-09-22,14:26:58,14,Monday,September,2025,Punjab,Lahore,Cantt,Near Cantt Petrol Pump,Cantt PS,31.523752,74.413881,Cybercrime / Fraud,Cyber,Not Used,Female,41,Unknown,,,Pending
PK-000924,FIR-0100/2025,2025-09-22 21:51:52,2025-09-22,21:51:52,21,Monday,September,2025,Balochistan,Gwadar,Model Town,"Plot 283, Model Town",Model Town PS,25.116622,62.324359,Theft,Property,Not Used,Female,17,Male,25.0,1.0,Under Investigation
PK-000925,FIR-0007/2025,2025-09-23 21:45:06,2025-09-23,21:45:06,21,Tuesday,September,2025,Punjab,Lahore,Township,Street near Township Mosque,Township PS,31.450607,74.302503,Cybercrime / Fraud,Cyber,Not Used,Male,44,Male,42.0,1.0,Arrested
PK-000926,FIR-0049/2025,2025-09-24 15:00:42,2025-09-24,15:00:42,15,Wednesday,September,2025,Punjab,Rawalpindi,Airport Road,Main Airport Road Bazaar,Airport Road PS,33.568288,73.018725,Dacoity,Violent,Firearm,Male,33,Male,16.0,3.0,Pending
PK-000927,FIR-0047/2025,2025-09-24 22:52:08,2025-09-24,22:52:08,22,Wednesday,September,2025,Punjab,Multan,Bosan Road,"Block 12, Bosan Road",Bosan Road PS,30.248982,71.491488,Motor Vehicle Theft,Property,Not Used,Female,37,Unknown,,,Pending
PK-000928,FIR-0035/2025,2025-09-25 01:19:45,2025-09-25,01:19:45,1,Thursday,September,2025,Sindh,Hyderabad,University Town,University Town Bus Stop,University Town PS,25.404142,68.396861,Theft,Property,Not Used,Male,21,Unknown,,,Pending
PK-000929,FIR-0086/2025,2025-09-26 00:22:58,2025-09-26,00:22:58,0,Friday,September,2025,Punjab,Khanewal,Civil Lines,Civil Lines Bus Stop,Civil Lines PS,30.341148,71.943646,Attempted Murder,Violent,Blunt Object,Female,28,Male,22.0,1.0,Under Investigation
PK-000930,FIR-0004/2025,2025-09-29 13:44:56,2025-09-29,13:44:56,13,Monday,September,2025,Punjab,Lahore,Gulberg,Gulberg Park area,Gulberg PS,31.527639,74.363393,Drug Possession,Drug,Not Used,Female,32,Male,28.0,1.0,Arrested
PK-000931,FIR-0063/2025,2025-10-02 21:21:04,2025-10-02,21:21:04,21,Thursday,October,2025,Punjab,Multan,Shujabad Road,"Sector C, Shujabad Road",Mumtazabad PS,30.155453,71.481226,Drug Possession,Drug,Not Used,Male,36,Female,28.0,2.0,Arrested
PK-000932,FIR-0020/2025,2025-10-02 22:32:32,2025-10-02,22:32:32,22,Thursday,October,2025,Sindh,Karachi,Clifton,Near Clifton Chowk,Clifton PS,24.809021,67.022609,Cattle Theft,Property,Not Used,Male,31,Unknown,,,Pending
PK-000933,FIR-0043/2025,2025-10-03 18:46:41,2025-10-03,18:46:41,18,Friday,October,2025,Punjab,Lahore,Walled City,Walled City Park area,Walled City PS,31.579171,74.308522,Theft,Property,Not Used,Male,55,Male,34.0,1.0,Under Investigation
PK-000934,FIR-0001/2025,2025-10-04 05:22:55,2025-10-04,05:22:55,5,Saturday,October,2025,Punjab,Rawalpindi,Industrial Area,"House #62, Industrial Area",Industrial Area PS,33.56737,73.030143,Hurt / Assault,Violent,Blunt Object,Female,57,Male,18.0,3.0,Under Investigation
PK-000935,FIR-0030/2025,2025-10-04 10:16:27,2025-10-04,10:16:27,10,Saturday,October,2025,Sindh,Karachi,Lyari,Street near Lyari Mosque,Lyari PS,24.864381,67.023284,Drug Possession,Drug,Not Used,Female,26,Male,21.0,1.0,Arrested
PK-000936,FIR-0038/2025,2025-10-04 10:49:01,2025-10-04,10:49:01,10,Saturday,October,2025,Sindh,Karachi,Lyari,Main Lyari Bazaar,Lyari PS,24.880262,67.025137,Cybercrime / Fraud,Cyber,Not Used,Female,51,Unknown,,,Under Investigation
PK-000937,FIR-0002/2025,2025-10-04 20:36:09,2025-10-04,20:36:09,20,Saturday,October,2025,Sindh,Karachi,DHA Karachi,DHA Karachi Bus Stop,DHA Karachi PS,24.796129,67.044206,Hurt / Assault,Violent,Blunt Object,Female,16,Male,15.0,1.0,Under Investigation
PK-000938,FIR-0076/2025,2025-10-05 00:58:36,2025-10-05,00:58:36,0,Sunday,October,2025,ICT,Islamabad,Saddar,Near Saddar Petrol Pump,Saddar PS,33.671037,73.067275,Motor Vehicle Theft,Property,Not Used,Female,31,Unknown,,,Pending
PK-000939,FIR-0033/2025,2025-10-07 22:04:22,2025-10-07,22:04:22,22,Tuesday,October,2025,Punjab,Rawalpindi,Civil Lines,Civil Lines Market,Civil Lines PS,33.541504,73.016313,Robbery,Property,Firearm,Male,40,Male,28.0,3.0,Pending
PK-000940,FIR-0048/2025,2025-10-08 15:23:44,2025-10-08,15:23:44,15,Wednesday,October,2025,KPK,Peshawar,Civil Lines,Civil Lines Bus Stop,Civil Lines PS,34.011037,71.531104,Theft,Property,Not Used,Male,42,Male,20.0,1.0,Pending
PK-000941,FIR-0058/2025,2025-10-15 01:38:15,2025-10-15,01:38:15,1,Wednesday,October,2025,Sindh,Karachi,Malir,Street near Malir Mosque,Malir PS,24.896827,67.205346,Robbery,Property,Firearm,Male,45,Unknown,,,Under Investigation
PK-000942,FIR-0008/2025,2025-10-16 01:59:30,2025-10-16,01:59:30,1,Thursday,October,2025,Punjab,Multan,Khanewal Road,Street near Khanewal Road Mosque,Khanewal Bypass PS,30.201177,71.531558,Robbery,Property,Firearm,Male,23,Unknown,,,Under Investigation
PK-000943,FIR-0049/2025,2025-10-18 05:13:59,2025-10-18,05:13:59,5,Saturday,October,2025,Sindh,Karachi,Korangi,"Plot 432, Korangi",Korangi PS,24.847742,67.151234,Hurt / Assault,Violent,Not Used,Male,15,Unknown,,,Pending
PK-000944,FIR-0019/2025,2025-10-19 20:51:51,2025-10-19,20:51:51,20,Sunday,October,2025,Sindh,Karachi,Lyari,Lyari Bus Stop,Lyari PS,24.873176,67.013009,Cattle Theft,Property,Not Used,Female,41,Male,36.0,1.0,Pending
PK-000945,FIR-0012/2025,2025-10-19 23:39:22,2025-10-19,23:39:22,23,Sunday,October,2025,Punjab,Multan,Model Town,Main Model Town Bazaar,Gulgasht PS,30.240684,71.502234,Rape,Violent,Knife,Male,26,Unknown,,,Pending
PK-000946,FIR-0031/2025,2025-10-20 14:34:43,2025-10-20,14:34:43,14,Monday,October,2025,Punjab,Lahore,Shadman,Main Shadman Bazaar,Shadman PS,31.541384,74.332046,Cattle Theft,Property,Not Used,Female,48,Unknown,,,Pending
PK-000947,FIR-0113/2025,2025-10-21 05:31:47,2025-10-21,05:31:47,5,Tuesday,October,2025,Punjab,Faisalabad,Airport Road,Near Airport Road Petrol Pump,Airport Road PS,31.466069,73.138535,Theft,Property,Not Used,Male,31,Male,14.0,1.0,Arrested
PK-000948,FIR-0007/2025,2025-10-22 14:58:28,2025-10-22,14:58:28,14,Wednesday,October,2025,ICT,Islamabad,City Center,City Center Park area,City Center PS,33.702146,73.032634,Drug Possession,Drug,Not Used,Female,35,Unknown,,,Under Investigation
PK-000949,FIR-0028/2025,2025-10-23 01:12:55,2025-10-23,01:12:55,1,Thursday,October,2025,Punjab,Multan,Basti Malook,Street near Basti Malook Mosque,Sadar PS,30.208543,71.427352,Drug Possession,Drug,Not Used,Male,51,Male,25.0,1.0,Released on Bail
PK-000950,FIR-0056/2025,2025-10-24 18:57:14,2025-10-24,18:57:14,18,Friday,October,2025,Punjab,Gujranwala,Saddar,Street near Saddar Mosque,Saddar PS,32.201689,74.217675,Cybercrime / Fraud,Cyber,Not Used,Male,28,Male,17.0,1.0,Pending
PK-000951,FIR-0083/2025,2025-10-25 13:52:08,2025-10-25,13:52:08,13,Saturday,October,2025,KPK,Peshawar,Industrial Area,Industrial Area Service Road,Industrial Area PS,34.00935,71.536083,Hurt / Assault,Violent,Firearm,Female,48,Male,29.0,2.0,Arrested
PK-000952,FIR-0041/2025,2025-10-25 21:51:30,2025-10-25,21:51:30,21,Saturday,October,2025,Punjab,Multan,Gulgasht Colony,Main Gulgasht Colony Bazaar,Gulgasht PS,30.243329,71.501542,Dacoity,Violent,Firearm,Male,12,Unknown,,,Under Investigation
PK-000953,FIR-0046/2025,2025-10-27 19:35:16,2025-10-27,19:35:16,19,Monday,October,2025,Sindh,Hyderabad,University Town,University Town Park area,University Town PS,25.415222,68.324338,Burglary,Property,Not Used,Male,26,Unknown,,,Under Investigation
PK-000954,FIR-0025/2025,2025-10-28 18:50:48,2025-10-28,18:50:48,18,Tuesday,October,2025,Sindh,Karachi,Lyari,Lyari Park area,Lyari PS,24.882337,67.019755,Hurt / Assault,Violent,Firearm,Female,36,Male,14.0,2.0,Arrested
PK-000955,FIR-0115/2025,2025-10-29 00:25:26,2025-10-29,00:25:26,0,Wednesday,October,2025,Balochistan,Quetta,Model Town,"Sector B, Model Town",Model Town PS,30.16981,66.974778,Theft,Property,Not Used,Female,49,Unknown,,,Pending
PK-000956,FIR-0010/2025,2025-10-31 00:13:18,2025-10-31,00:13:18,0,Friday,October,2025,Sindh,Karachi,Clifton,"Sector E, Clifton",Clifton PS,24.815337,67.039072,Motor Vehicle Theft,Property,Not Used,Male,40,Unknown,,,Pending
PK-000957,FIR-0026/2025,2025-10-31 19:20:12,2025-10-31,19:20:12,19,Friday,October,2025,Punjab,Rawalpindi,Civil Lines,Civil Lines Market,Civil Lines PS,33.562113,72.96955,Cybercrime / Fraud,Cyber,Not Used,Male,39,Male,20.0,1.0,Arrested
PK-000958,FIR-0110/2025,2025-11-02 12:34:56,2025-11-02,12:34:56,12,Sunday,November,2025,Punjab,Faisalabad,Cantt,"Plot 82, Cantt",Cantt PS,31.465938,73.123525,Cybercrime / Fraud,Cyber,Not Used,Male,62,Male,28.0,1.0,Released on Bail
PK-000959,FIR-0013/2025,2025-11-02 21:28:47,2025-11-02,21:28:47,21,Sunday,November,2025,Punjab,Lahore,Johar Town,"House #655, Johar Town",Johar Town PS,31.467945,74.268796,Motor Vehicle Theft,Property,Not Used,Male,11,Male,30.0,3.0,Under Investigation
PK-000960,FIR-0032/2025,2025-11-03 16:50:32,2025-11-03,16:50:32,16,Monday,November,2025,Punjab,Faisalabad,Saddar,Saddar Market,Saddar PS,31.427269,73.160625,Cattle Theft,Property,Not Used,Male,52,Unknown,,,Pending
PK-000961,FIR-0043/2025,2025-11-03 18:37:31,2025-11-03,18:37:31,18,Monday,November,2025,ICT,Islamabad,Industrial Area,Industrial Area Service Road,Industrial Area PS,33.682991,73.037671,Domestic Violence,Violent,Blunt Object,Female,32,Unknown,,,Pending
PK-000962,FIR-0006/2025,2025-11-04 06:35:03,2025-11-04,06:35:03,6,Tuesday,November,2025,Sindh,Hyderabad,Old City,"Block 12, Old City",Old City PS,25.40158,68.369958,Motor Vehicle Theft,Property,Not Used,Male,37,Male,24.0,2.0,Arrested
PK-000963,FIR-0003/2025,2025-11-06 13:45:44,2025-11-06,13:45:44,13,Thursday,November,2025,Punjab,Rawalpindi,Airport Road,Near Airport Road Chowk,Airport Road PS,33.533967,73.02902,Theft,Property,Not Used,Male,17,Male,42.0,1.0,Pending
PK-000964,FIR-0144/2025,2025-11-11 11:48:57,2025-11-11,11:48:57,11,Tuesday,November,2025,KPK,Peshawar,Saddar,Main Saddar Bazaar,Saddar PS,34.038135,71.554506,Burglary,Property,Not Used,Male,15,Male,31.0,1.0,Pending
PK-000965,FIR-0028/2025,2025-11-11 12:28:15,2025-11-11,12:28:15,12,Tuesday,November,2025,KPK,Peshawar,Cantt,"House #533, Cantt",Cantt PS,34.034562,71.509318,Theft,Property,Not Used,Male,37,Female,24.0,1.0,Released on Bail
PK-000966,FIR-0211/2025,2025-11-12 03:29:37,2025-11-12,03:29:37,3,Wednesday,November,2025,Punjab,Lahore,Cantt,Main Cantt Bazaar,Cantt PS,31.526057,74.403037,Cattle Theft,Property,Not Used,Male,35,Unknown,,,Pending
PK-000967,FIR-0006/2025,2025-11-13 15:56:37,2025-11-13,15:56:37,15,Thursday,November,2025,Punjab,Multan,Basti Malook,Basti Malook Service Road,Sadar PS,30.202255,71.42629,Kidnapping / Abduction,Violent,Firearm,Male,50,Unknown,,,Pending
PK-000968,FIR-0050/2025,2025-11-15 20:08:02,2025-11-15,20:08:02,20,Saturday,November,2025,Sindh,Karachi,Malir,Malir Market,Malir PS,24.897587,67.20227,Hurt / Assault,Violent,Not Used,Male,38,Male,28.0,3.0,Arrested
PK-000969,FIR-0021/2025,2025-11-21 02:36:44,2025-11-21,02:36:44,2,Friday,November,2025,Punjab,Faisalabad,Civil Lines,Civil Lines Service Road,Civil Lines PS,31.474941,73.103388,Drug Possession,Drug,Not Used,Male,52,Female,45.0,1.0,Arrested
PK-000970,FIR-0022/2025,2025-11-21 09:57:38,2025-11-21,09:57:38,9,Friday,November,2025,Punjab,Lahore,Johar Town,"Sector E, Johar Town",Johar Town PS,31.47523,74.261293,Attempted Murder,Violent,Firearm,Female,48,Male,16.0,1.0,Arrested
PK-000971,FIR-0157/2025,2025-11-23 17:07:42,2025-11-23,17:07:42,17,Sunday,November,2025,Punjab,Faisalabad,Cantt,"Plot 306, Cantt",Cantt PS,31.459942,73.132976,Theft,Property,Not Used,Male,33,Male,32.0,1.0,Pending
PK-000972,FIR-0014/2025,2025-11-26 03:28:09,2025-11-26,03:28:09,3,Wednesday,November,2025,Punjab,Lahore,Walled City,"Block 2, Walled City",Walled City PS,31.58692,74.315731,Dacoity,Violent,Knife,Female,31,Male,18.0,3.0,Released on Bail
PK-000973,FIR-0057/2025,2025-11-27 01:30:17,2025-11-27,01:30:17,1,Thursday,November,2025,Balochistan,Quetta,Civil Lines,Main Civil Lines Bazaar,Civil Lines PS,30.204042,66.976637,Cattle Theft,Property,Not Used,Male,39,Unknown,,,Pending
PK-000974,FIR-0032/2025,2025-11-30 11:18:41,2025-11-30,11:18:41,11,Sunday,November,2025,Sindh,Karachi,Malir,Main Malir Bazaar,Malir PS,24.902331,67.2002,Cybercrime / Fraud,Cyber,Not Used,Female,41,Male,32.0,1.0,Pending
PK-000975,FIR-0107/2025,2025-12-03 17:02:40,2025-12-03,17:02:40,17,Wednesday,December,2025,Punjab,Bahawalpur,Saddar,"Sector D, Saddar",Saddar PS,29.406656,71.665949,Theft,Property,Not Used,Male,29,Unknown,,,Under Investigation
PK-000976,FIR-0039/2025,2025-12-03 23:44:59,2025-12-03,23:44:59,23,Wednesday,December,2025,Punjab,Rawalpindi,Civil Lines,Near Civil Lines Chowk,Civil Lines PS,33.594417,73.038751,Domestic Violence,Violent,Blunt Object,Male,42,Unknown,,,Pending
PK-000977,FIR-0022/2025,2025-12-05 04:36:36,2025-12-05,04:36:36,4,Friday,December,2025,Sindh,Karachi,DHA Karachi,DHA Karachi Market,DHA Karachi PS,24.800598,67.051926,Burglary,Property,Not Used,Female,34,Male,32.0,1.0,Under Investigation
PK-000978,FIR-0050/2025,2025-12-05 13:03:12,2025-12-05,13:03:12,13,Friday,December,2025,Punjab,Multan,Chungi No. 9,Near Chungi No. 9 Petrol Pump,New Multan PS,30.203096,71.469252,Theft,Property,Not Used,Male,52,Unknown,,,Pending
PK-000979,FIR-0106/2025,2025-12-08 18:59:08,2025-12-08,18:59:08,18,Monday,December,2025,Punjab,Khanewal,Mall Road,Main Mall Road Bazaar,Mall Road PS,30.361884,71.934254,Hurt / Assault,Violent,Blunt Object,Male,7,Unknown,,,Pending
PK-000980,FIR-0015/2025,2025-12-09 11:16:04,2025-12-09,11:16:04,11,Tuesday,December,2025,Punjab,Multan,Shah Rukn-e-Alam Colony,Shah Rukn-e-Alam Colony Bus Stop,Shah Rukn-e-Alam PS,30.240299,71.487634,Kidnapping / Abduction,Violent,Not Used,Female,14,Male,26.0,4.0,Released on Bail
PK-000981,FIR-0034/2025,2025-12-10 10:18:20,2025-12-10,10:18:20,10,Wednesday,December,2025,Punjab,Multan,Gulgasht Colony,Gulgasht Colony Park area,Gulgasht PS,30.242506,71.501096,Robbery,Property,Knife,Male,54,Male,27.0,2.0,Pending
PK-000982,FIR-0011/2025,2025-12-11 20:26:01,2025-12-11,20:26:01,20,Thursday,December,2025,Punjab,Bahawalpur,University Town,Near University Town Chowk,University Town PS,29.39291,71.690277,Theft,Property,Not Used,Male,55,Male,36.0,1.0,Arrested
PK-000983,FIR-0057/2025,2025-12-11 22:35:01,2025-12-11,22:35:01,22,Thursday,December,2025,Punjab,Multan,Chowk Kumharanwala,Street near Chowk Kumharanwala Mosque,City PS,30.196409,71.473155,Motor Vehicle Theft,Property,Not Used,Male,20,Male,35.0,2.0,Pending
PK-000984,FIR-0082/2025,2025-12-12 22:11:06,2025-12-12,22:11:06,22,Friday,December,2025,Punjab,Faisalabad,Industrial Area,"Plot 395, Industrial Area",Industrial Area PS,31.466519,73.144223,Cattle Theft,Property,Not Used,Male,52,Unknown,,,Pending
PK-000985,FIR-0135/2025,2025-12-13 06:19:38,2025-12-13,06:19:38,6,Saturday,December,2025,Punjab,Faisalabad,Airport Road,Near Airport Road Petrol Pump,Airport Road PS,31.43753,73.118421,Cattle Theft,Property,Not Used,Male,39,Unknown,,,Pending
PK-000986,FIR-0093/2025,2025-12-13 14:05:14,2025-12-13,14:05:14,14,Saturday,December,2025,Punjab,Faisalabad,Civil Lines,Near Civil Lines Petrol Pump,Civil Lines PS,31.416454,73.131779,Attempted Murder,Violent,Blunt Object,Male,49,Male,24.0,1.0,Released on Bail
PK-000987,FIR-0063/2025,2025-12-13 17:51:50,2025-12-13,17:51:50,17,Saturday,December,2025,Punjab,Rawalpindi,Cantt,"Sector E, Cantt",Cantt PS,33.557444,73.01457,Burglary,Property,Not Used,Female,41,Unknown,,,Under Investigation
PK-000988,FIR-0063/2025,2025-12-13 23:26:17,2025-12-13,23:26:17,23,Saturday,December,2025,Punjab,Sargodha,Mall Road,"Block 7, Mall Road",Mall Road PS,32.114256,72.690862,Theft,Property,Not Used,Male,48,Unknown,,,Pending
PK-000989,FIR-0120/2025,2025-12-15 07:47:00,2025-12-15,07:47:00,7,Monday,December,2025,Balochistan,Gwadar,University Town,Street near University Town Mosque,University Town PS,25.138566,62.281884,Hurt / Assault,Violent,Firearm,Female,41,Male,19.0,1.0,Pending
PK-000990,FIR-0096/2025,2025-12-16 12:57:58,2025-12-16,12:57:58,12,Tuesday,December,2025,Punjab,Bahawalpur,University Town,Street near University Town Mosque,University Town PS,29.392576,71.693769,Attempted Murder,Violent,Knife,Female,41,Unknown,,,Under Investigation
PK-000991,FIR-0107/2025,2025-12-16 23:55:44,2025-12-16,23:55:44,23,Tuesday,December,2025,Punjab,Sialkot,Old City,"Plot 78, Old City",Old City PS,32.484481,74.524163,Burglary,Property,Not Used,Male,44,Unknown,,,Pending
PK-000992,FIR-0013/2025,2025-12-19 10:51:26,2025-12-19,10:51:26,10,Friday,December,2025,Sindh,Karachi,DHA Karachi,Street near DHA Karachi Mosque,DHA Karachi PS,24.80217,67.052267,Robbery,Property,Firearm,Male,34,Male,17.0,3.0,Pending
PK-000993,FIR-0011/2025,2025-12-19 17:57:41,2025-12-19,17:57:41,17,Friday,December,2025,Punjab,Lahore,DHA Lahore,DHA Lahore Market,DHA Lahore PS,31.473876,74.408144,Robbery,Property,Not Used,Male,21,Unknown,,,Pending
PK-000994,FIR-0012/2025,2025-12-23 09:12:18,2025-12-23,09:12:18,9,Tuesday,December,2025,ICT,Islamabad,Airport Road,"Block 3, Airport Road",Airport Road PS,33.67972,73.057227,Theft,Property,Not Used,Male,48,Male,27.0,1.0,Released on Bail
PK-000995,FIR-0054/2025,2025-12-23 15:40:33,2025-12-23,15:40:33,15,Tuesday,December,2025,Sindh,Karachi,Lyari,Lyari Park area,Lyari PS,24.871051,67.019636,Theft,Property,Not Used,Female,30,Male,24.0,1.0,Pending
PK-000996,FIR-0050/2025,2025-12-23 19:49:14,2025-12-23,19:49:14,19,Tuesday,December,2025,Sindh,Karachi,Gulshan-e-Iqbal,Gulshan-e-Iqbal Bus Stop,Gulshan-e-Iqbal PS,24.923008,67.098522,Motor Vehicle Theft,Property,Not Used,Female,24,Male,16.0,1.0,Pending
PK-000997,FIR-0067/2025,2025-12-24 11:31:56,2025-12-24,11:31:56,11,Wednesday,December,2025,KPK,Peshawar,Cantt,Street near Cantt Mosque,Cantt PS,34.005284,71.50228,Attempted Murder,Violent,Blunt Object,Female,33,Male,19.0,1.0,Arrested
PK-000998,FIR-0024/2025,2025-12-24 12:58:53,2025-12-24,12:58:53,12,Wednesday,December,2025,Sindh,Karachi,North Nazimabad,Near North Nazimabad Chowk,North Nazimabad PS,24.938304,67.037066,Robbery,Property,Firearm,Male,44,Male,14.0,2.0,Pending
PK-000999,FIR-0003/2025,2025-12-24 23:02:09,2025-12-24,23:02:09,23,Wednesday,December,2025,Punjab,Multan,Shah Shams Colony,Main Shah Shams Colony Bazaar,Shah Shams PS,30.191799,71.482875,Burglary,Property,Not Used,Male,13,Male,23.0,2.0,Pending
PK-001000,FIR-0008/2025,2025-12-25 00:20:08,2025-12-25,00:20:08,0,Thursday,December,2025,Punjab,Lahore,Johar Town,Johar Town Bus Stop,Johar Town PS,31.471205,74.272175,Cattle Theft,Property,Not Used,Male,29,Unknown,,,Pending
